-- Fichier généré automatiquement
use SAMPLE_RH;
-- data pays
INSERT INTO pays (id, nom) VALUES
(1, 'Barbados'),
(2, 'Belgium'),
(3, 'United Kingdom'),
(4, 'Afghanistan'),
(5, 'Émirats arabes unis'),
(6, 'Canada'),
(7, 'North Macedonia'),
(8, 'Laos'),
(9, 'Tunisia'),
(10, 'Lesotho'),
(11, 'Puerto Rico'),
(12, 'Palau'),
(13, 'Maldives (Îles)'),
(14, 'Qatar'),
(15, 'Equatorial Guinea'),
(16, 'Bosnia and Herzegovina'),
(17, 'Guadeloupe'),
(18, 'Grèce'),
(19, 'Dominica'),
(20, 'Wallis et Futuna (Îles)'),
(21, 'Costa Rica'),
(22, 'Cook (Îles)'),
(23, 'Paraguay'),
(24, 'Sainte Hélène'),
(25, 'Korea');

-- data regions
INSERT INTO regions (id, pays_id, nom) VALUES
(1, 23, 'Maryland'),
(2, 13, 'Alabama'),
(3, 6, 'Tennessee'),
(4, 2, 'Rhode Island'),
(5, 3, 'North Carolina'),
(6, 13, 'New Mexico'),
(7, 3, 'North Dakota'),
(8, 23, 'Vermont'),
(9, 11, 'Louisiana'),
(10, 14, 'Minnesota'),
(11, 9, 'Vermont'),
(12, 16, 'South Dakota'),
(13, 9, 'Connecticut'),
(14, 16, 'Oklahoma'),
(15, 21, 'Arkansas'),
(16, 6, 'Georgia'),
(17, 23, 'South Carolina'),
(18, 2, 'New Jersey'),
(19, 13, 'Texas'),
(20, 18, 'Nebraska'),
(21, 9, 'Montana'),
(22, 23, 'Louisiana'),
(23, 19, 'Tennessee'),
(24, 16, 'Connecticut'),
(25, 12, 'Louisiana'),
(26, 2, 'New Hampshire'),
(27, 8, 'North Carolina'),
(28, 23, 'Oklahoma'),
(29, 7, 'Idaho'),
(30, 14, 'Utah'),
(31, 15, 'Montana'),
(32, 2, 'Mississippi'),
(33, 1, 'Normandie'),
(34, 10, 'Louisiana'),
(35, 15, 'Colorado'),
(36, 10, 'Minnesota'),
(37, 4, 'Wyoming'),
(38, 25, 'Vermont'),
(39, 7, 'Nebraska'),
(40, 5, 'Connecticut'),
(41, 5, 'South Carolina'),
(42, 10, 'Arkansas'),
(43, 18, 'Nevada'),
(44, 15, 'Delaware'),
(45, 21, 'Wyoming'),
(46, 22, 'Tennessee'),
(47, 1, 'Bretagne'),
(48, 13, 'Nevada'),
(49, 3, 'Rhode Island'),
(50, 8, 'Mississippi');
-- data emplacements
INSERT INTO emplacements (id, region_id, adresse, code_postal, ville) VALUES
(1, 35, '210 Holden Inlet, Victoriabury, MI 61399', '18861', 'Saint Alain'),
(2, 2, 'boulevard de Morel, 71840 Coste', '25931', 'PoulainVille'),
(3, 46, '9133 Jeffrey Fords, Nicholestad, AK 05442', '67215', 'Grégoire-sur-Guyon'),
(4, 33, '60859 Matthew Path, Jessicamouth, PR 83198', '71552', 'Barbier-sur-Mer'),
(5, 28, '998 Blanchard Junction Suite 819, Port Patriciaburgh, IL 55638', '93930', 'South Jamesland'),
(6, 32, '7570 Thompson Pass Suite 879, Lake Miguel, HI 80990', '37621', 'Saint Maurice-sur-Mer'),
(7, 9, '504 Marc Roads Suite 319, Rogersbury, PW 33364', '94705', 'Maréchal'),
(8, 5, 'avenue Corinne Renard, 78372 Simon', '73131', 'Sainte Chantal'),
(9, 13, 'avenue de Samson, 91282 Simon', '84016', 'Jessicaborough'),
(10, 18, '69, boulevard Georges, 04470 Lambert', '97444', 'Blin'),
(11, 14, '8, chemin Alain Noël, 67853 Roussel', '51684', 'Williamsfurt'),
(12, 40, '32, boulevard Laure Caron, 24229 Louisdan', '14617', 'Mitchellberg'),
(13, 11, '10, rue Durand, 74137 Royer', '91913', 'West Victoria'),
(14, 30, '8, chemin de Devaux, 93796 Dupont', '90892', 'Michel-sur-Rocher'),
(15, 18, '5176 Brennan Land, Lake Gabriel, WV 14311', '59321', 'Nancyfort'),
(16, 47, '65, chemin Lucie Léger, 14761 Bazin', '38816', 'Dubois-les-Bains'),
(17, 1, 'avenue Anaïs Durand, 84702 Rey-les-Bains', '25673', 'East Brandon'),
(18, 28, '717, avenue Émile Auger, 03264 Gérard', '60158', 'Laurenfurt'),
(19, 20, '779, rue de Mace, 16268 Saint Agathedan', '49414', 'Foxview'),
(20, 47, '4190 Jody Walk Suite 183, Johnsonton, OK 68053', '84406', 'Dixonbury'),
(21, 23, '0946 Robert Turnpike Apt. 809, West Michaelhaven, FM 38306', '74045', 'Saint Patricia'),
(22, 40, '476, rue de Lemonnier, 72794 De Oliveira-sur-Mer', '92524', 'Gillet'),
(23, 15, '197 Warner Meadow, North Priscillaberg, MA 62304', '82682', 'Charles-sur-Mer'),
(24, 26, '8351 Travis Forks Suite 162, South Eddie, MO 42567', '67844', 'North Hannahbury'),
(25, 7, '343, avenue Jeanne Leblanc, 40669 Saint Denise', '87478', 'Clintonshire'),
(26, 15, '73965 William Light Suite 954, Moralesview, TN 80853', '05658', 'Weiss'),
(27, 35, '9718 Sarah Meadow Apt. 248, Brandonville, CO 40724', '40363', 'Sainte Danielle'),
(28, 17, '732 Penny Manors, Lopezville, AS 48141', '33428', 'Pedroberg'),
(29, 50, '67, rue Laetitia Merle, 16988 Mendès', '08291', 'Alishire'),
(30, 18, '12387 Martin Groves, Lake Sydneyburgh, SC 56416', '41802', 'Lake Oliviatown'),
(31, 10, '49, rue Bertrand Dupuis, 65124 Lemaire-sur-Mer', '53886', 'Farmerport'),
(32, 34, 'USS Armstrong, FPO AA 80513', '26131', 'Port Debbiemouth'),
(33, 11, '79960 Clark Knolls, Port Sandra, ID 02867', '65959', 'Perez'),
(34, 21, '1839 Morgan Pike Suite 779, Clarkside, PA 45864', '32392', 'Tylermouth'),
(35, 11, '4949 Tanya Creek Suite 576, Amandaside, OH 85365', '53898', 'Sainte Margaret'),
(36, 44, '5, chemin Andrée Chevalier, 64430 Saint Clémence', '73491', 'Dias-les-Bains'),
(37, 11, '8, avenue de Lefebvre, 41387 Saint Catherine', '82444', 'Jonesberg'),
(38, 13, 'avenue Maillard, 83679 PierreVille', '30027', 'Lake Michael'),
(39, 34, '4986 Nunez Knoll Apt. 432, South Krystalstad, WI 68833', '66324', 'New Benjaminfurt'),
(40, 15, 'Unit 7243 Box 8863, DPO AA 76967', '65867', 'Dumont'),
(41, 14, '3701 Rocha Vista Apt. 488, New Stacyfurt, SD 83528', '32927', 'Hubert'),
(42, 7, '81, boulevard de Da Costa, 85228 Pons', '01397', 'Lecoq'),
(43, 45, '6141 Lisa Stream Suite 681, Wilsonmouth, VA 01811', '97186', 'Jonesfurt'),
(44, 23, '1949 Catherine Village, East Christophertown, MD 01705', '89206', 'Ruiz-les-Bains'),
(45, 33, '2647 Christina Burg Apt. 759, Andrewfurt, AL 57413', '26897', 'North Aarontown'),
(46, 35, '3, boulevard Godard, 66979 Munozdan', '54062', 'East Melissastad'),
(47, 9, '9151 Daniels Motorway Apt. 893, Lake Nicolas, IN 12828', '32699', 'Tiffanyberg'),
(48, 36, '5902 John Highway Suite 690, Mitchellland, MN 66497', '29678', 'ClercBourg'),
(49, 3, '985 Scott Underpass, Jonathanmouth, ME 03768', '90345', 'Garnier'),
(50, 24, '9276 Chris Lodge Apt. 457, Pennyland, ND 64414', '25469', 'North Barbara');

-- data departements
INSERT INTO departements (id, emplacement_id, nom) VALUES
(1, 30, 'Productize vertical mindshare'),
(2, 16, 'Repurpose granular platforms'),
(3, 15, 'Aggregate b2b e-services'),
(4, 44, 'Integrate back-end synergies'),
(5, 50, 'Synthesize e-business web-readiness'),
(6, 7, 'Benchmark 24/7 bandwidth'),
(7, 24, 'Seize visionary web services'),
(8, 11, 'Optimize cross-media methodologies'),
(9, 14, 'Visualize leading-edge architectures'),
(10, 19, 'Mesh intuitive experiences'),
(11, 6, 'Synthesize next-generation schemas'),
(12, 20, 'Re-contextualize innovative markets'),
(13, 11, 'Enable one-to-one experiences'),
(14, 5, 'Deploy interactive users'),
(15, 44, 'Monetize web-enabled info-mediaries'),
(16, 6, 'Drive sticky metrics'),
(17, 23, 'E-enable synergistic convergence'),
(18, 9, 'Transition front-end methodologies'),
(19, 37, 'Strategize clicks-and-mortar supply-chains'),
(20, 8, 'Enable world-class info-mediaries');

-- data postes
INSERT INTO postes (id, intitule, salaire_min, salaire_max) VALUES
(1, 'conducteur opérateur opératrice de scierie', 22510.74, 79872.15),
(2, 'chef de projet démantèlement nucléaire', 24331.85, 96535.43),
(3, 'Presenter, broadcasting', 35283.89, 78149.88),
(4, 'conducteur de train', 21913.53, 61312.14),
(5, 'Medical illustrator', 30198.38, 87783.3),
(6, 'Therapist, nutritional', 32912.2, 47685.11),
(7, 'Banker', 22515.2, 81106.54),
(8, 'Conservation officer, historic buildings', 24026.5, 96139.16),
(9, 'ingénieur écoconcepteur écoconceptrice', 28615.7, 81011.52),
(10, 'biologiste en environnement', 22618.9, 77503.83),
(11, 'guichetier', 28120.34, 65385.87),
(12, 'matelot de la marine marchande', 20238.94, 98224.38),
(13, 'Research scientist (maths)', 31276.51, 96211.04),
(14, 'Surveyor, planning and development', 33300.18, 83625.8),
(15, 'Licensed conveyancer', 21469.99, 95430.17),
(16, 'carrossier', 30131.43, 50549.93),
(17, 'Patent attorney', 20922.74, 41264.11),
(18, 'inséminateur', 20697.19, 63107.86),
(19, 'Barrister''s clerk', 31018.53, 73968.75),
(20, 'Therapist, horticultural', 31386.31, 84271.83),
(21, 'employé de chai', 28422.76, 78945.37),
(22, 'sous-officier de l''armée de terre', 23962.16, 44694.77),
(23, 'Teacher, primary school', 22733.5, 85924.54),
(24, 'danseur', 27628.45, 95289.97),
(25, 'télévendeur', 25573.57, 81389.1),
(26, 'magistrat', 23899.29, 47025.17),
(27, 'ingénieur fluides, énergies, réseaux, environnement', 25470.2, 64916.55),
(28, 'physicien médical médicale', 33783.47, 55666.77),
(29, 'Advertising art director', 24992.79, 82423.79),
(30, 'English as a foreign language teacher', 27369.94, 87995.09),
(31, 'ingénieur analogicien analogicienne', 30359.52, 40152.48),
(32, 'directeur d''hôpital', 32472.88, 49076.03),
(33, 'auxiliaire spécialisé vétérinaire', 21726.85, 72915.46),
(34, 'Marine scientist', 32480.9, 49245.88),
(35, 'animateur d''activités physiques et sportives pour tous', 39831.52, 83425.57),
(36, 'Environmental health practitioner', 38516.44, 56979.13),
(37, 'cogniticien', 35715.03, 95361.88),
(38, 'Probation officer', 27056.82, 91402.65),
(39, 'Immigration officer', 38846.61, 66870.23),
(40, 'Cartographer', 31611.25, 87125.22),
(41, 'Conservation officer, nature', 32492.42, 89768.89),
(42, 'Records manager', 39651.88, 69433.94),
(43, 'maroquinier', 28502.52, 96597.77),
(44, 'toiletteur d''animaux', 37653.06, 99163.04),
(45, 'artiste de cirque', 34047.98, 67459.87),
(46, 'Conservation officer, historic buildings', 33256.58, 49748.59),
(47, 'agent de développement touristique', 37966.06, 94606.3),
(48, 'statisticien industriel industrielle', 20730.63, 70384.92),
(49, 'conseiller en fusions-acquisitions', 23854.15, 58526.6),
(50, 'moniteur-éducateur', 22529.64, 77467.36),
(51, 'régisseur général générale cinéma', 28037.18, 61939.73),
(52, 'Civil engineer, consulting', 21997.63, 59615.48),
(53, 'Engineer, biomedical', 38160.33, 48868.41),
(54, 'Press photographer', 32033.46, 58503.64),
(55, 'psychanalyste', 24193.46, 66421.71),
(56, 'chargé d''études naturalistes', 39401.06, 99281.04),
(57, 'Journalist, magazine', 23392.89, 56223.59),
(58, 'carrossier', 28570.73, 83238.13),
(59, 'responsable de laboratoire de recherche', 20591.28, 49774.44),
(60, 'facteur d''instruments', 36952.22, 69200.74),
(61, 'Surveyor, mining', 20137.6, 44221.43),
(62, 'Nurse, learning disability', 31958.86, 76939.4),
(63, 'Equality and diversity officer', 36367.26, 74654.73),
(64, 'Press sub', 25009.36, 68831.2),
(65, 'Barrister''s clerk', 33572.03, 68673.55),
(66, 'Optometrist', 31383.26, 64388.56),
(67, 'Media buyer', 26221.97, 83425.93),
(68, 'agent de propreté urbaine', 29318.17, 60427.22),
(69, 'surveillant de centre pénitentiaire', 30283.29, 49705.59),
(70, 'responsable du soutien logistique intégré', 31827.43, 67070.74),
(71, 'Electrical engineer', 28229.79, 87504.57),
(72, 'trader', 23206.89, 77860.35),
(73, 'Commercial horticulturist', 35912.05, 40098.48),
(74, 'responsable de scierie', 26699.58, 73832.6),
(75, 'Programmer, multimedia', 25384.61, 47617.54),
(76, 'Community education officer', 26851.33, 81322.3),
(77, 'affûteur', 20094.58, 51414.91),
(78, 'entraîneur de chevaux', 31386.8, 75482.78),
(79, 'animateur 2D et 3D', 20787.47, 66332.66),
(80, 'responsable de rémunération', 20852.79, 45650.7),
(81, 'Horticulturist, amenity', 30822.87, 84382.55),
(82, 'Software engineer', 25223.29, 72634.68),
(83, 'Designer, jewellery', 27611.11, 87859.48),
(84, 'Higher education lecturer', 34748.2, 87343.05),
(85, 'Therapist, sports', 38215.49, 71181.62),
(86, 'conseiller en insertion sociale et professionnelle', 29990.39, 71622.03),
(87, 'Engineer, agricultural', 36768.47, 65131.11),
(88, 'Therapist, drama', 22620.18, 50823.77),
(89, 'conseiller en voyages', 25477.8, 69174.91),
(90, 'Engineer, electronics', 35311.4, 92324.52),
(91, 'technicien réalisateur réalisatrice radio', 22065.96, 48112.77),
(92, 'Production engineer', 39675.7, 82702.07),
(93, 'Warden/ranger', 32258.54, 55822.56),
(94, 'Teacher, special educational needs', 33174.03, 79169.59),
(95, 'géographe', 30326.58, 59054.22),
(96, 'Producer, television/film/video', 30975.6, 85223.55),
(97, 'Education officer, environmental', 30376.38, 86130.34),
(98, 'sous-officier de l''armée de l''air', 36087.74, 91115.54),
(99, 'Child psychotherapist', 33537.82, 96864.94),
(100, 'Secretary, company', 39415.42, 52145.79);


-- data employées


INSERT INTO employes (id, departement_id, poste_id, prenom, nom, email, telephone, date_embauche, genre, date_naissance) VALUES
(1, 11, 42, 'David', 'Pham', 'alexandrie32@example.com', '+33 4 50 10 31 91', '2005-12-27', 'Femme', '1981-02-21'),
(2, 11, 16, 'Dominique', 'Marin', 'jeannine95@example.net', '0380875471', '2017-09-08', 'Femme', '1989-09-20'),
(3, 15, 39, 'Troy', 'Gaillard', 'victoriajones@example.org', '01 39 40 14 01', '2007-10-31', 'Homme', '1968-03-08'),
(4, 17, 71, 'Alex', 'Rey', 'gregoirede-oliveira@example.com', '+33 4 81 38 38 41', '2023-07-16', 'Femme', '1992-01-17'),
(5, 13, 5, 'Barry', 'Cohen', 'fchauvet@example.net', '(527)281-2136x9645', '2025-06-20', 'Homme', '1992-08-09'),
(6, 1, 79, 'Matthew', 'Maréchal', 'bharper@example.org', '(804)545-8611x32210', '2022-10-20', 'Femme', '1982-04-03'),
(7, 12, 85, 'Tristan', 'Gardner', 'jeanbecker@example.com', '01 82 81 82 63', '2007-10-05', 'Femme', '1962-05-07'),
(8, 6, 2, 'Suzanne', 'Burns', 'fitzgeraldmelissa@example.org', '+33 5 17 89 47 57', '1986-04-05', 'Femme', '1965-04-02'),
(9, 6, 84, 'Alan', 'Aubert', 'nmercier@example.net', '+33 (0)3 61 42 56 00', '1999-08-18', 'Femme', '1964-09-16'),
(10, 1, 20, 'Gabrielle', 'Boutin', 'brownrandall@example.org', '779.256.1072x374', '2025-05-10', 'Homme', '1981-01-28'),
(11, 15, 40, 'Timothée', 'Rodriguez', 'marechalemmanuel@example.org', '(514)717-3357x78243', '2007-11-07', 'Homme', '1989-05-12'),
(12, 14, 55, 'Lucie', 'Soto', 'brooke01@example.org', '602-372-3656', '2010-07-30', 'Femme', '1977-09-22'),
(13, 7, 3, 'Carla', 'Cordova', 'ftodd@example.org', '+33 (0)5 45 92 27 01', '1989-08-08', 'Homme', '1965-05-12'),
(14, 4, 100, 'Kristi', 'Shaw', 'kgaudin@example.org', '001-433-413-3309', '2023-10-10', 'Femme', '1999-09-26'),
(15, 11, 27, 'Cassandra', 'François', 'ulemoine@example.org', '+33 3 23 09 04 22', '2010-07-10', 'Homme', '1963-10-11'),
(16, 10, 99, 'Capucine', 'Bell', 'mmorales@example.org', '0562058590', '2024-04-23', 'Femme', '2005-05-26'),
(17, 5, 64, 'Casey', 'Ledoux', 'corinnechartier@example.com', '+33 (0)4 81 56 50 91', '2015-02-01', 'Femme', '1995-05-17'),
(18, 12, 95, 'Henriette', 'Caldwell', 'nferguson@example.net', '(868)368-4954', '2013-02-05', 'Homme', '1993-08-27'),
(19, 5, 41, 'Alphonse', 'Pratt', 'edward08@example.org', '0188274481', '2025-01-16', 'Femme', '1995-05-23'),
(20, 4, 63, 'Alain', 'Fernandes', 'nathmarchand@example.org', '4415573431', '2016-08-06', 'Femme', '1980-11-24'),
(21, 20, 77, 'Jonathan', 'Stanley', 'sebastien28@example.net', '02 79 83 73 34', '2021-05-23', 'Femme', '1989-11-09'),
(22, 15, 30, 'Yves', 'Fabre', 'qlarson@example.org', '+1-726-537-9901', '2021-05-13', 'Homme', '1992-02-13'),
(23, 5, 85, 'Aimée', 'Dominguez', 'fantoine@example.org', '343-400-4235x51233', '2017-10-10', 'Homme', '1997-06-10'),
(24, 19, 14, 'Georges', 'Schmitt', 'wdurand@example.com', '+33 (0)2 44 93 36 46', '2022-08-18', 'Homme', '2004-01-12'),
(25, 7, 8, 'Michelle', 'Fleury', 'ellismariah@example.com', '+33 4 85 11 54 88', '2002-09-02', 'Homme', '1972-10-26'),
(26, 6, 40, 'Juliette', 'Howard', 'catherine28@example.org', '+33 (0)3 65 70 52 62', '2022-10-01', 'Homme', '2003-01-30'),
(27, 1, 4, 'Vernon', 'Samson', 'kennedymonica@example.com', '001-842-278-0558', '1999-10-28', 'Femme', '1975-11-13'),
(28, 7, 90, 'Paul', 'Gauthier', 'de-oliveiragilles@example.com', '+33 6 95 33 28 21', '2005-06-19', 'Homme', '1962-07-07'),
(29, 12, 9, 'Alexander', 'Perez', 'ldennis@example.com', '0385759885', '1997-04-27', 'Homme', '1967-05-08'),
(30, 5, 52, 'Thibaut', 'Chrétien', 'brianna87@example.com', '+33 5 96 51 61 70', '2007-08-11', 'Femme', '1988-12-18'),
(31, 2, 34, 'Patrick', 'Grondin', 'michaelgray@example.com', '391.314.7149x266', '1997-06-09', 'Homme', '1963-02-19'),
(32, 19, 1, 'Madeleine', 'Nixon', 'reynaudcelina@example.net', '04 95 10 38 12', '2024-05-19', 'Homme', '1994-05-01'),
(33, 4, 48, 'Denise', 'Leduc', 'nnguyen@example.org', '+33 (0)2 32 18 56 74', '2017-03-09', 'Femme', '1965-02-05'),
(34, 15, 60, 'Vincent', 'Blanchard', 'josephsanchez@example.com', '+33 (0)2 47 39 34 68', '2020-06-14', 'Femme', '2000-02-12'),
(35, 20, 20, 'Patrick', 'Perret', 'ramirezchristian@example.net', '483-356-9223', '2022-11-30', 'Femme', '1969-08-05'),
(36, 10, 38, 'Odette', 'Martinez', 'paul74@example.com', '0635513911', '2024-09-30', 'Femme', '1998-09-14'),
(37, 17, 94, 'Manuel', 'Peters', 'xcamus@example.com', '(688)860-3434', '2002-05-14', 'Femme', '1982-10-08'),
(38, 14, 78, 'Nancy', 'Bradshaw', 'patrick99@example.com', '+33 (0)6 95 97 47 76', '2014-07-10', 'Femme', '1987-04-09'),
(39, 17, 65, 'Melanie', 'Walton', 'jamesmiles@example.net', '(204)798-6407x14846', '2025-07-10', 'Femme', '2001-11-04'),
(40, 12, 68, 'James', 'Rodriguez', 'alexiscooper@example.com', '249.623.2185', '2008-06-15', 'Femme', '1981-01-07'),
(41, 18, 21, 'Alyssa', 'Bernard', 'beckerfrancois@example.com', '300.992.1209x465', '2025-02-21', 'Homme', '1968-07-20'),
(42, 5, 82, 'Agathe', 'Jacobson', 'davidpollard@example.org', '01 47 27 87 98', '2004-12-26', 'Femme', '1970-02-08'),
(43, 12, 73, 'Diane', 'Washington', 'valdezveronica@example.com', '+1-346-485-8274x6824', '2024-02-11', 'Homme', '1984-12-19'),
(44, 17, 43, 'Véronique', 'Allain', 'nathan14@example.net', '+33 (0)5 57 93 01 29', '2014-11-10', 'Femme', '1991-10-01'),
(45, 19, 74, 'Katie', 'Patterson', 'mathildebourdon@example.net', '(809)971-3298', '2009-12-06', 'Homme', '1988-04-14'),
(46, 18, 7, 'Kristi', 'Haas', 'guyonclaude@example.com', '475.285.7646x8628', '2011-03-23', 'Femme', '1963-11-15'),
(47, 8, 79, 'Margaret', 'Wong', 'fournierbenjamin@example.org', '001-956-901-7846x66717', '2010-01-03', 'Homme', '1972-06-11'),
(48, 4, 10, 'Valérie', 'Roux', 'hortense40@example.com', '+33 4 50 28 05 64', '2018-09-22', 'Homme', '1992-11-08'),
(49, 5, 5, 'Christelle', 'Brock', 'anaisroyer@example.net', '05 87 00 47 94', '1985-09-02', 'Homme', '1963-03-06'),
(50, 16, 61, 'Dylan', 'Perkins', 'rebeccahenson@example.org', '0327584459', '2023-10-08', 'Homme', '1982-05-19'),
(51, 6, 27, 'Sean', 'Hayes', 'lcharles@example.org', '001-850-654-6928x609', '1991-10-29', 'Femme', '1963-07-24'),
(52, 1, 26, 'Kelly', 'Gallet', 'blondelalain@example.com', '01 55 68 23 12', '2024-05-05', 'Femme', '1989-09-12'),
(53, 6, 69, 'Lorraine', 'Bertin', 'michaelyates@example.org', '001-995-328-7452x94096', '2019-05-11', 'Homme', '1991-12-25'),
(54, 11, 86, 'Louise', 'Brun', 'peterreyes@example.org', '01 70 62 41 43', '2021-07-21', 'Homme', '2003-03-08'),
(55, 6, 66, 'Juliette', 'Vallet', 'celina53@example.net', '+33 5 47 84 94 92', '2016-06-17', 'Homme', '1968-01-28'),
(56, 20, 9, 'Guy', 'Moulin', 'cperrin@example.com', '+33 (0)2 53 12 11 75', '2008-11-28', 'Femme', '1968-03-19'),
(57, 10, 65, 'Allison', 'Walker', 'christinelaine@example.org', '06 99 99 08 03', '2025-01-19', 'Femme', '1975-11-02'),
(58, 17, 43, 'Jeffrey', 'Bonneau', 'stephanieroussel@example.com', '0254320463', '2018-10-15', 'Femme', '1999-12-31'),
(59, 2, 52, 'Valentine', 'Garcia', 'gutierrezrobin@example.net', '+33 4 95 70 62 52', '2012-09-23', 'Femme', '1970-12-26'),
(60, 14, 21, 'Benjamin', 'Bishop', 'besnardmichel@example.net', '9547630533', '2023-02-18', 'Homme', '2002-08-04'),
(61, 13, 63, 'Bernard', 'Reyes', 'wanda23@example.org', '+33 5 63 32 23 72', '2007-03-21', 'Femme', '1960-12-08'),
(62, 6, 87, 'Luc', 'Dupont', 'imcdonald@example.com', '634.335.9329x17009', '2024-12-29', 'Femme', '2004-12-04'),
(63, 6, 62, 'Alphonse', 'Renaud', 'farrelltiffany@example.net', '+33 5 55 26 53 77', '1990-03-13', 'Femme', '1966-12-05'),
(64, 11, 96, 'Sylvie', 'Lemoine', 'hlebon@example.com', '03 67 09 50 15', '1995-06-24', 'Femme', '1960-04-29'),
(65, 14, 12, 'Margaret', 'Guérin', 'charlesgonzalez@example.net', '+33 2 53 09 08 10', '2010-10-15', 'Femme', '1991-11-18'),
(66, 1, 74, 'Joseph', 'Imbert', 'sylviejean@example.com', '484-261-1116x6474', '2024-05-25', 'Femme', '1996-03-17'),
(67, 7, 89, 'Mathilde', 'Leblanc', 'goncalvespauline@example.net', '(755)542-3597x872', '1995-02-04', 'Homme', '1967-10-04'),
(68, 8, 71, 'Lauren', 'Henry', 'dana52@example.org', '+33 (0)6 99 82 79 37', '2024-10-08', 'Femme', '1993-11-29'),
(69, 10, 17, 'Peter', 'Vallet', 'atecher@example.org', '001-939-633-2125x6162', '2017-03-05', 'Femme', '1996-04-22'),
(70, 6, 9, 'Jonathan', 'King', 'orichard@example.com', '(931)501-6775x9826', '2012-04-07', 'Homme', '1977-04-14'),
(71, 18, 5, 'Arnaude', 'Hamilton', 'antoinette88@example.com', '(960)699-8194x13846', '1996-06-24', 'Homme', '1969-08-19'),
(72, 16, 59, 'Andrea', 'Munoz', 'sauvagepatrick@example.org', '+33 6 29 53 15 57', '1980-08-12', 'Femme', '1960-07-09'),
(73, 2, 43, 'Dennis', 'Hoareau', 'jesusprice@example.net', '03 82 65 41 02', '2021-02-16', 'Femme', '1991-05-25'),
(74, 8, 15, 'Cécile', 'Dupont', 'guyotcatherine@example.net', '+1-531-642-2195x85203', '2024-12-30', 'Femme', '2004-11-12'),
(75, 10, 4, 'Jacqueline', 'Guillon', 'epruvost@example.net', '+33 4 85 11 07 95', '2024-06-17', 'Femme', '1964-09-05'),
(76, 5, 26, 'Geneviève', 'Price', 'sierra75@example.net', '01 64 71 40 30', '2022-10-07', 'Femme', '1973-06-28'),
(77, 2, 62, 'Maryse', 'Renard', 'raymondperez@example.org', '+33 1 74 64 03 89', '1996-06-26', 'Femme', '1970-10-12'),
(78, 10, 87, 'Emmanuelle', 'Perrot', 'chauvinlucas@example.org', '+33 2 99 57 74 18', '2008-08-11', 'Femme', '1967-11-11'),
(79, 10, 53, 'Emmanuelle', 'Ball', 'robinsondustin@example.org', '001-560-813-3470x8096', '2020-03-12', 'Femme', '2000-05-28'),
(80, 14, 32, 'Sarah', 'Long', 'talves@example.com', '799.513.3672x25301', '2024-11-26', 'Homme', '1965-06-25'),
(81, 7, 7, 'Élise', 'Valette', 'ahawkins@example.com', '05 65 60 62 31', '1987-09-21', 'Homme', '1962-10-23'),
(82, 4, 93, 'Jeremy', 'Jordan', 'hroth@example.com', '+33 2 79 06 71 58', '2004-12-04', 'Femme', '1961-05-15'),
(83, 14, 26, 'Alphonse', 'Pierce', 'johnsontammy@example.com', '(483)654-8001', '2023-01-29', 'Homme', '1977-12-29'),
(84, 16, 58, 'Tristan', 'Hobbs', 'marygarcia@example.org', '0422675911', '2019-01-06', 'Homme', '1977-01-23'),
(85, 8, 95, 'Tammy', 'Maillot', 'hammonddavid@example.net', '(968)726-6450x078', '2006-11-22', 'Homme', '1966-12-20'),
(86, 15, 52, 'Allen', 'Bouchet', 'mestes@example.net', '+33 2 40 08 93 30', '2019-09-17', 'Femme', '1969-04-17'),
(87, 4, 30, 'Cécile', 'Renault', 'aprilclark@example.org', '0497221128', '2014-08-25', 'Homme', '1989-03-04'),
(88, 11, 29, 'Kim', 'Pasquier', 'harringtondarren@example.com', '479-462-4857', '2014-08-31', 'Femme', '1964-04-17'),
(89, 11, 92, 'Adrienne', 'Knox', 'hturner@example.com', '869.962.7609x869', '2000-01-01', 'Homme', '1974-03-09'),
(90, 14, 8, 'Rebecca', 'Miller', 'emily22@example.org', '02 97 50 87 36', '2009-07-15', 'Femme', '1969-08-15'),
(91, 3, 62, 'Shane', 'Le Roux', 'emilieallard@example.com', '0562239321', '1992-09-03', 'Femme', '1971-07-24'),
(92, 1, 71, 'Céline', 'Riggs', 'leecarol@example.net', '+33 (0)4 65 94 08 75', '2022-01-20', 'Femme', '1989-08-05'),
(93, 12, 82, 'Taylor', 'Jacob', 'guillotalain@example.org', '548-533-5683', '1993-11-17', 'Homme', '1975-07-16'),
(94, 17, 44, 'Vincent', 'Williams', 'leonpelletier@example.net', '+33 7 86 41 37 18', '2001-08-19', 'Homme', '1980-09-02'),
(95, 3, 35, 'Thomas', 'Colin', 'guy44@example.net', '+33 3 73 33 19 69', '2025-01-16', 'Homme', '1990-04-26'),
(96, 2, 10, 'Sabine', 'Lopes', 'nicolemaillot@example.org', '+33 6 57 10 02 05', '2016-01-21', 'Homme', '1984-07-06'),
(97, 8, 60, 'Hayley', 'Berry', 'ujones@example.org', '+33 (0)3 25 34 10 04', '2019-09-06', 'Homme', '1991-02-14'),
(98, 15, 41, 'Guy', 'Guyon', 'jeannine29@example.org', '001-699-529-1195', '2023-05-25', 'Homme', '1985-12-11'),
(99, 20, 36, 'James', 'Carlson', 'bertrandmargaux@example.net', '374.806.0381', '2021-05-09', 'Femme', '1995-06-07'),
(100, 19, 33, 'Marguerite', 'Valentine', 'tristandiaz@example.net', '+33 7 95 36 59 95', '1986-09-21', 'Homme', '1965-07-23'),
(101, 11, 32, 'Edward', 'Rolland', 'elizabethwhite@example.com', '001-856-584-7058x23449', '2006-12-09', 'Homme', '1970-09-25'),
(102, 9, 90, 'Jacques', 'Martineau', 'marchandmargot@example.org', '001-916-833-1494x7173', '2019-10-23', 'Femme', '1963-10-15'),
(103, 7, 58, 'Jacob', 'King', 'jacques51@example.com', '4706796253', '2024-07-19', 'Homme', '2003-04-24'),
(104, 4, 22, 'Melissa', 'Delannoy', 'adrienneferreira@example.org', '+33 4 15 28 85 97', '1993-06-24', 'Homme', '1969-08-19'),
(105, 14, 3, 'Jeffrey', 'Simpson', 'patriciaclark@example.org', '+33 2 69 21 32 12', '2006-01-12', 'Homme', '1975-09-06'),
(106, 19, 20, 'Édith', 'Henderson', 'michael03@example.com', '001-873-284-0419x76303', '2018-12-13', 'Femme', '1998-10-22'),
(107, 9, 2, 'Antoine', 'Newman', 'moreauisabelle@example.org', '+33 4 38 59 95 22', '2002-06-22', 'Femme', '1983-04-08'),
(108, 8, 65, 'Craig', 'Andre', 'girardluc@example.com', '05 58 44 16 04', '2009-12-22', 'Femme', '1990-10-06'),
(109, 1, 60, 'Agathe', 'Riou', 'jeanletellier@example.org', '+33 (0)6 33 72 35 05', '2013-11-09', 'Femme', '1974-01-09'),
(110, 7, 30, 'David', 'Roussel', 'odette97@example.org', '512-664-8182x06034', '1984-04-23', 'Femme', '1962-12-05'),
(111, 3, 78, 'Nicole', 'Collin', 'margotmathieu@example.com', '0369894757', '2025-06-13', 'Homme', '1987-02-05'),
(112, 10, 28, 'Olivier', 'Delmas', 'mwhite@example.org', '03 23 96 13 45', '2006-05-29', 'Femme', '1965-04-29'),
(113, 8, 44, 'Josette', 'Young', 'amasson@example.org', '0553481420', '2017-02-04', 'Femme', '1996-11-21'),
(114, 5, 84, 'Colleen', 'Bègue', 'linda16@example.com', '03 22 65 43 41', '2015-02-19', 'Homme', '1986-11-14'),
(115, 17, 61, 'Aimée', 'White', 'hayleyday@example.org', '05 81 09 13 25', '2009-10-25', 'Femme', '1981-05-20'),
(116, 11, 76, 'Kaylee', 'Sanders', 'payetagnes@example.net', '0218944975', '2013-07-10', 'Femme', '1984-03-17'),
(117, 14, 52, 'Michael', 'Jones', 'rmontgomery@example.com', '224.595.2814x110', '2020-10-26', 'Homme', '1968-09-07'),
(118, 1, 73, 'Olivier', 'Deleon', 'jeanninelacroix@example.net', '0320501068', '2025-05-20', 'Homme', '2003-07-19'),
(119, 4, 46, 'Alexandra', 'Harvey', 'denisepelletier@example.com', '0608033817', '2000-08-10', 'Homme', '1982-03-06'),
(120, 12, 85, 'Molly', 'Tessier', 'peterskathryn@example.com', '04 34 23 93 33', '2011-11-28', 'Homme', '1962-05-17'),
(121, 17, 10, 'Timothée', 'Stephens', 'bjohns@example.com', '(984)984-3443', '2020-03-21', 'Homme', '1992-11-18'),
(122, 20, 16, 'Maurice', 'Moore', 'caseybarnes@example.net', '+1-211-833-7820', '2022-12-01', 'Femme', '1961-05-11'),
(123, 14, 60, 'Emmanuel', 'Noël', 'olivierjean@example.net', '0177471484', '2001-06-01', 'Femme', '1978-12-21'),
(124, 1, 18, 'Melissa', 'Reed', 'xgarcia@example.com', '(453)914-2790x61818', '2021-10-14', 'Femme', '1991-08-03'),
(125, 11, 100, 'Luce', 'Griffin', 'cynthia80@example.com', '01 73 11 62 34', '2014-01-02', 'Homme', '1990-06-19'),
(126, 2, 85, 'Bryan', 'Smith', 'henriettelecomte@example.org', '543.291.2624', '2015-06-10', 'Femme', '1969-04-06'),
(127, 6, 49, 'Kristin', 'Brooks', 'kballard@example.org', '0620276043', '2018-11-19', 'Homme', '1995-05-17'),
(128, 3, 1, 'Thierry', 'Chauveau', 'nicoleblanc@example.net', '001-263-820-2714x3193', '2002-03-18', 'Homme', '1980-12-25'),
(129, 5, 93, 'Briana', 'Allain', 'omarchand@example.org', '973.657.0049', '1998-03-12', 'Homme', '1975-06-23'),
(130, 7, 78, 'Tiffany', 'Perrot', 'gcharpentier@example.com', '+33 4 68 33 69 84', '2020-07-25', 'Femme', '2000-04-01'),
(131, 2, 74, 'Valentine', 'Delorme', 'tbrown@example.com', '+33 2 46 90 17 15', '2015-02-24', 'Homme', '1993-10-20'),
(132, 16, 54, 'Victor', 'Lemaire', 'guilbertchristiane@example.net', '001-951-836-9489x1634', '2000-12-04', 'Homme', '1970-09-13'),
(133, 10, 45, 'Guillaume', 'Guilbert', 'michaelrodriguez@example.net', '+33 2 40 84 92 47', '2012-06-25', 'Femme', '1983-05-24'),
(134, 14, 66, 'David', 'Williams', 'vgilles@example.org', '+33 1 69 61 77 54', '2013-04-05', 'Homme', '1969-03-21'),
(135, 9, 37, 'Amy', 'Sexton', 'nbuisson@example.net', '001-366-790-3469x627', '2019-02-28', 'Femme', '1993-03-12'),
(136, 19, 100, 'Julie', 'Brandt', 'pricejessica@example.org', '384.696.9725x0268', '2024-01-20', 'Homme', '2003-03-27'),
(137, 11, 31, 'Emmanuel', 'Vargas', 'floydjennifer@example.org', '+33 (0)1 76 28 66 61', '2008-11-30', 'Femme', '1986-10-08'),
(138, 6, 34, 'Françoise', 'Randall', 'fleurytheodore@example.com', '+33 (0)4 81 44 07 80', '1998-02-03', 'Homme', '1974-11-02'),
(139, 3, 23, 'André', 'Da Silva', 'prestonjasmine@example.org', '825.935.9531x54411', '2005-03-08', 'Homme', '1962-04-29'),
(140, 15, 5, 'Jennifer', 'Wilson', 'ljackson@example.com', '001-815-387-7046', '1995-04-17', 'Homme', '1960-04-15'),
(141, 1, 31, 'Charles', 'Fleury', 'marshallanna@example.net', '(850)566-1889', '2005-03-08', 'Homme', '1961-12-20'),
(142, 2, 54, 'Amanda', 'Miller', 'hgregoire@example.com', '682-607-1870', '2000-10-16', 'Homme', '1976-03-16'),
(143, 16, 67, 'Monique', 'Higgins', 'npatrick@example.net', '304-998-4370', '2022-05-30', 'Homme', '1996-10-11'),
(144, 10, 11, 'Cynthia', 'Armstrong', 'jamie44@example.com', '895-541-3633', '2001-05-09', 'Femme', '1980-08-05'),
(145, 2, 62, 'Étienne', 'Lopes', 'elizabethgonzalez@example.org', '05 86 04 04 45', '1993-02-02', 'Homme', '1973-01-16'),
(146, 8, 87, 'Isabelle', 'Williams', 'lturner@example.org', '8946770844', '2009-12-30', 'Femme', '1974-06-30'),
(147, 1, 76, 'Astrid', 'Noble', 'stephaniedevaux@example.org', '0142123625', '2018-01-09', 'Homme', '1981-03-14'),
(148, 12, 45, 'Rachel', 'Bouvier', 'malletastrid@example.net', '+33 3 58 73 92 62', '2015-11-15', 'Homme', '1993-05-11'),
(149, 1, 18, 'Donald', 'Delattre', 'xpruvost@example.org', '001-556-507-5099x0649', '2014-05-21', 'Homme', '1975-02-25'),
(150, 6, 6, 'Julien', 'Welch', 'carrehortense@example.com', '001-543-733-8947x45239', '2023-08-15', 'Femme', '2001-03-09'),
(151, 19, 27, 'David', 'Toussaint', 'coulonlouise@example.org', '(535)422-7357', '2023-08-01', 'Homme', '1983-06-07'),
(152, 8, 99, 'René', 'Lewis', 'benjaminhernandez@example.org', '+33 1 81 35 71 00', '2001-12-28', 'Femme', '1969-10-12'),
(153, 2, 4, 'Margaud', 'Martinez', 'rosalesjenny@example.net', '+33 (0)6 31 61 52 05', '2020-10-26', 'Femme', '1996-06-20'),
(154, 18, 7, 'Brittany', 'Rodriguez', 'briandoyle@example.org', '+33 (0)3 66 24 03 39', '2012-05-01', 'Homme', '1968-01-26'),
(155, 4, 72, 'René', 'Jones', 'de-oliveiralaurence@example.com', '(218)439-2101x29033', '2012-08-26', 'Homme', '1990-07-08'),
(156, 3, 2, 'Adrien', 'Marion', 'remyalix@example.com', '+33 (0)3 64 76 09 32', '2018-08-31', 'Femme', '1984-08-02'),
(157, 8, 28, 'Timothée', 'De Oliveira', 'genevieve81@example.com', '04 68 59 68 11', '2015-10-21', 'Femme', '1982-09-13'),
(158, 20, 57, 'Agathe', 'Poulain', 'wbernier@example.net', '+1-730-267-2531x75574', '2018-05-18', 'Homme', '1993-01-03'),
(159, 9, 13, 'Shelby', 'Sanchez', 'lecoqcapucine@example.com', '+33 (0)5 16 37 34 13', '2010-05-23', 'Homme', '1985-10-30'),
(160, 5, 18, 'Cody', 'Ortiz', 'mdelannoy@example.net', '(563)590-1221x661', '1994-06-03', 'Femme', '1960-01-13'),
(161, 9, 92, 'Richard', 'Bowers', 'smithscott@example.com', '548.456.9386x80226', '2011-02-09', 'Femme', '1968-07-16'),
(162, 8, 40, 'Amy', 'Hernandez', 'cribeiro@example.org', '+33 3 76 64 26 35', '2012-04-16', 'Femme', '1990-02-25'),
(163, 16, 80, 'Henri', 'Kirk', 'cscott@example.com', '06 98 63 50 04', '1987-08-19', 'Femme', '1969-05-30'),
(164, 14, 92, 'Laetitia', 'Monnier', 'alexandrethierry@example.com', '001-379-822-9333x761', '2020-05-09', 'Femme', '1973-10-06'),
(165, 14, 55, 'Alexandria', 'Brown', 'robertmichelle@example.net', '03 21 08 65 96', '2024-01-01', 'Homme', '1975-09-14'),
(166, 16, 66, 'Antoine', 'Reyes', 'csmith@example.org', '415-254-2889x5554', '2019-07-28', 'Femme', '1995-07-21'),
(167, 8, 80, 'Steven', 'Martin', 'thomasluce@example.com', '+33 (0)5 47 33 78 74', '1988-08-10', 'Homme', '1966-10-05'),
(168, 17, 81, 'Bernadette', 'Marie', 'charlesrichard@example.com', '843.417.1308x504', '1983-12-13', 'Homme', '1959-08-29'),
(169, 7, 13, 'Françoise', 'Blake', 'melissafuentes@example.net', '05 62 70 84 28', '2009-10-29', 'Femme', '1967-10-20'),
(170, 13, 94, 'Samantha', 'Charles', 'martha77@example.org', '0586575714', '2016-03-15', 'Femme', '1983-02-19'),
(171, 16, 62, 'Monique', 'Snow', 'kempkayla@example.net', '0450888274', '2022-06-05', 'Femme', '1992-04-05'),
(172, 7, 1, 'André', 'Becker', 'adrienne24@example.org', '001-564-204-9589x5982', '2024-08-17', 'Femme', '2002-07-08'),
(173, 10, 36, 'Michael', 'Evrard', 'lucie00@example.org', '0638779810', '1994-03-04', 'Femme', '1963-08-29'),
(174, 10, 91, 'Christiane', 'Turpin', 'xavierpasquier@example.net', '842-845-2410', '2014-06-06', 'Homme', '1964-06-24'),
(175, 14, 63, 'Guy', 'Decker', 'yclark@example.org', '0320297001', '2016-04-02', 'Homme', '1996-05-01'),
(176, 7, 50, 'Nicole', 'Palmer', 'verdiergilles@example.com', '0495895862', '2003-07-01', 'Homme', '1976-11-26'),
(177, 2, 61, 'Katie', 'Garcia', 'berthelotjosette@example.net', '350.303.4320x8251', '2003-08-08', 'Homme', '1979-06-28'),
(178, 19, 83, 'Zachary', 'Anderson', 'sawyermolly@example.org', '02 38 78 79 21', '2006-01-23', 'Homme', '1969-03-22'),
(179, 7, 17, 'Joséphine', 'Clark', 'guillonarthur@example.com', '02 46 36 46 83', '2020-05-31', 'Femme', '1973-09-05'),
(180, 6, 3, 'Margot', 'Masson', 'shermantammy@example.com', '559-474-1752x5801', '1982-11-20', 'Femme', '1962-10-07'),
(181, 1, 29, 'Océane', 'Irwin', 'tgoodwin@example.com', '+1-342-484-1785', '2005-07-06', 'Femme', '1984-07-22'),
(182, 14, 16, 'Kimberly', 'Mason', 'tetienne@example.org', '+33 4 57 46 39 08', '2002-12-25', 'Homme', '1978-08-14'),
(183, 18, 83, 'Valérie', 'Berger', 'carlierantoine@example.org', '01 56 43 33 34', '2020-12-19', 'Homme', '2002-06-27'),
(184, 14, 68, 'Robert', 'Martinez', 'butlerjose@example.org', '+33 (0)6 77 01 75 02', '2023-09-12', 'Homme', '2001-04-10'),
(185, 14, 29, 'Thomas', 'Bailey', 'audrey53@example.net', '+33 2 57 60 26 67', '2015-01-12', 'Femme', '1990-07-27'),
(186, 5, 51, 'Maggie', 'Barnes', 'ppineau@example.org', '+33 (0)4 44 40 95 10', '2010-07-21', 'Homme', '1974-05-27'),
(187, 1, 61, 'Aurore', 'Guerrero', 'agnes00@example.org', '+33 (0)3 22 05 09 35', '2022-11-12', 'Femme', '1976-11-01'),
(188, 16, 65, 'Maurice', 'Maillet', 'mailletagathe@example.org', '664.643.7425x048', '2024-09-09', 'Femme', '2001-03-10'),
(189, 2, 8, 'Aaron', 'Bailey', 'sandovalchristian@example.net', '001-466-279-0953x25044', '1984-05-14', 'Homme', '1959-10-23'),
(190, 4, 1, 'Deborah', 'Taylor', 'mhebert@example.org', '0467487968', '2000-03-11', 'Homme', '1977-12-11'),
(191, 13, 38, 'Amy', 'Payne', 'hpereira@example.net', '+1-844-862-1951x107', '2007-12-11', 'Homme', '1977-03-16'),
(192, 7, 59, 'Émile', 'Walker', 'michelle16@example.org', '001-709-772-0109x22702', '2014-03-31', 'Femme', '1979-07-21'),
(193, 17, 71, 'Diane', 'Ramos', 'frederiquede-sousa@example.com', '+33 5 40 18 34 63', '2024-01-30', 'Femme', '1971-09-11'),
(194, 7, 65, 'Joanna', 'Weiss', 'cbaudry@example.net', '+33 (0)3 25 38 21 75', '2014-10-10', 'Homme', '1987-10-05'),
(195, 3, 78, 'Lacey', 'Delannoy', 'brendawilson@example.org', '+1-538-612-3768x91162', '2015-08-16', 'Homme', '1967-04-23'),
(196, 16, 71, 'Samantha', 'Boyle', 'rebecca75@example.com', '001-398-211-4635x6883', '2024-01-03', 'Femme', '2000-08-18'),
(197, 15, 48, 'Joseph', 'Daniels', 'froberts@example.org', '05 46 99 43 98', '2016-11-29', 'Homme', '1961-07-26'),
(198, 14, 62, 'Sean', 'Wilson', 'nathalie65@example.com', '+1-629-729-5926', '2003-12-27', 'Homme', '1959-10-13'),
(199, 3, 92, 'Caroline', 'Fleury', 'deborahporter@example.net', '332.349.2870x7825', '1998-10-21', 'Femme', '1975-02-05'),
(200, 8, 66, 'Calvin', 'Pichon', 'dianaallen@example.com', '0228547839', '2023-09-30', 'Homme', '1964-11-25'),
(201, 17, 59, 'Marie', 'Philippe', 'allainveronique@example.com', '+33 (0)4 93 31 10 50', '2019-07-28', 'Homme', '1992-01-08'),
(202, 9, 57, 'Tracey', 'Chrétien', 'emilede-sousa@example.com', '02 43 47 10 76', '1986-08-01', 'Femme', '1961-11-22'),
(203, 11, 100, 'Lisa', 'Chrétien', 'jeanne28@example.net', '04 83 57 51 78', '2019-11-08', 'Femme', '1962-05-20'),
(204, 2, 92, 'Denis', 'Reynaud', 'xneveu@example.com', '05 34 14 60 03', '2018-01-10', 'Homme', '1997-12-06'),
(205, 5, 24, 'Aurore', 'Sauvage', 'erika75@example.org', '+33 1 45 20 66 21', '2014-02-03', 'Femme', '1978-10-24'),
(206, 11, 75, 'Hélène', 'Boucher', 'marinelebon@example.net', '+33 6 30 82 30 58', '2013-07-02', 'Homme', '1983-08-21'),
(207, 19, 99, 'Steve', 'Fowler', 'tyler38@example.net', '06 32 90 56 69', '1991-03-11', 'Femme', '1961-07-02'),
(208, 1, 22, 'Brandon', 'Poole', 'pcampbell@example.com', '03 86 07 61 03', '2010-09-23', 'Homme', '1959-12-07'),
(209, 5, 82, 'Anne', 'Jackson', 'emilyhall@example.org', '+33 (0)5 59 66 28 32', '2022-02-25', 'Homme', '1987-05-23'),
(210, 14, 65, 'Stephen', 'Payet', 'scottrobin@example.com', '+33 4 72 27 33 08', '2016-03-16', 'Femme', '1995-03-03'),
(211, 14, 44, 'Michelle', 'Fabre', 'emcknight@example.net', '(891)467-4709', '2021-05-28', 'Femme', '1984-11-06'),
(212, 18, 24, 'David', 'Gallet', 'michelemorton@example.com', '0443988170', '2002-11-25', 'Homme', '1960-10-21'),
(213, 17, 55, 'Aurore', 'Maldonado', 'aaron93@example.com', '(431)608-3107x048', '1998-10-22', 'Femme', '1980-02-25'),
(214, 14, 61, 'James', 'Walsh', 'fcarpenter@example.net', '929-703-3653', '2006-01-28', 'Homme', '1976-10-18'),
(215, 20, 4, 'Duane', 'Perrin', 'dpatel@example.net', '292.747.3107x0276', '1986-06-14', 'Homme', '1961-12-17'),
(216, 16, 4, 'Eric', 'Evrard', 'lgeorges@example.com', '001-647-457-8256x0432', '2011-04-13', 'Homme', '1964-02-08'),
(217, 10, 80, 'David', 'Leduc', 'djames@example.com', '(864)340-2869x31074', '2021-12-18', 'Homme', '1973-08-14'),
(218, 20, 91, 'Donald', 'Morse', 'morvanisabelle@example.org', '+1-924-327-2021x8112', '2024-12-25', 'Femme', '1968-04-30'),
(219, 13, 92, 'Angela', 'Lesage', 'lamyjacques@example.org', '+33 2 47 35 89 67', '1998-07-29', 'Homme', '1961-11-10'),
(220, 19, 72, 'Jennifer', 'Barbe', 'hector64@example.org', '+33 1 88 12 44 00', '2018-04-02', 'Femme', '1996-06-30'),
(221, 9, 62, 'Stephanie', 'Freeman', 'enoble@example.com', '001-793-471-2316x161', '2024-08-28', 'Homme', '1997-11-23'),
(222, 1, 76, 'Lucy', 'Mccormick', 'pascaltherese@example.com', '0296586933', '2015-07-05', 'Homme', '1981-03-03'),
(223, 17, 54, 'Antoinette', 'Fields', 'davisphillip@example.com', '(232)877-3383', '2022-10-30', 'Homme', '1992-06-13'),
(224, 7, 99, 'Aimé', 'Patterson', 'gcharles@example.com', '02 19 61 62 00', '2024-12-09', 'Homme', '1996-11-27'),
(225, 18, 15, 'Laure', 'Sanchez', 'pblanchard@example.org', '0248081283', '2007-02-08', 'Femme', '1974-10-18'),
(226, 15, 5, 'Isabelle', 'Richards', 'michelle93@example.org', '879.732.6677x77607', '2022-09-07', 'Homme', '2001-03-23'),
(227, 19, 36, 'Olivie', 'Lamy', 'tracy07@example.org', '+33 (0)2 34 83 42 42', '2021-07-06', 'Homme', '2000-11-09'),
(228, 16, 49, 'Isaac', 'Diaz', 'raymondhonore@example.net', '+33 3 23 77 70 37', '2023-06-03', 'Homme', '2003-06-24'),
(229, 2, 70, 'Monique', 'Santiago', 'christopher75@example.com', '(208)908-9948x8404', '2011-09-29', 'Homme', '1975-08-12'),
(230, 12, 29, 'Lorraine', 'Hogan', 'josettethibault@example.net', '(685)376-2053', '2017-06-30', 'Homme', '1994-04-29'),
(231, 11, 7, 'Laurent', 'Rich', 'xbrady@example.org', '(435)904-1878x60833', '1980-01-24', 'Homme', '1960-03-19'),
(232, 2, 76, 'Caroline', 'Lévy', 'rjean@example.net', '+33 4 27 31 37 73', '1997-12-27', 'Homme', '1972-03-26'),
(233, 4, 66, 'Bernard', 'Richardson', 'kristin79@example.net', '955-767-8981', '1985-09-15', 'Homme', '1967-02-19'),
(234, 13, 71, 'Catherine', 'Maury', 'alexandria53@example.com', '3377225453', '2013-08-26', 'Femme', '1968-10-31'),
(235, 16, 64, 'Michael', 'Greene', 'laurayoung@example.net', '362-302-9238x693', '2015-04-17', 'Femme', '1991-10-01'),
(236, 15, 47, 'Pauline', 'Perrin', 'thomas39@example.net', '(435)389-3486', '2023-08-10', 'Femme', '2001-10-10'),
(237, 1, 81, 'Edwin', 'Martin', 'brianchen@example.org', '632-669-0801x54075', '2021-12-22', 'Homme', '2002-04-15'),
(238, 14, 91, 'Raymond', 'Mason', 'julie13@example.org', '852.742.8919x3724', '2021-05-06', 'Homme', '1963-02-23'),
(239, 4, 18, 'Brittany', 'Green', 'michael95@example.com', '+33 2 38 55 11 78', '2020-12-21', 'Homme', '1991-05-08'),
(240, 17, 93, 'Manon', 'Humphrey', 'christinemartinez@example.net', '001-919-333-9035', '2010-04-20', 'Homme', '1970-09-30'),
(241, 16, 98, 'Todd', 'Greene', 'keithlisa@example.org', '527.671.9924x3770', '2003-12-20', 'Homme', '1985-05-12'),
(242, 10, 82, 'Aimée', 'Coulon', 'alecomte@example.org', '+33 3 26 43 35 23', '2020-09-12', 'Homme', '1990-07-12'),
(243, 9, 65, 'Seth', 'Marques', 'maurice89@example.com', '0473231818', '2000-08-08', 'Femme', '1974-03-21'),
(244, 18, 76, 'Emily', 'Munoz', 'christopher33@example.org', '03 75 27 57 04', '2014-06-25', 'Femme', '1986-12-01'),
(245, 7, 90, 'Elizabeth', 'Valette', 'christina48@example.org', '+33 (0)2 21 12 77 67', '2012-05-03', 'Femme', '1966-04-21'),
(246, 13, 1, 'Maggie', 'Hoffman', 'lucie04@example.org', '0545448360', '2000-06-12', 'Femme', '1959-07-28'),
(247, 20, 99, 'Margaud', 'Crawford', 'melissa58@example.com', '+33 (0)5 19 17 54 79', '1985-08-24', 'Homme', '1960-02-09'),
(248, 11, 52, 'Raymond', 'Picard', 'lacombealexandria@example.com', '(991)918-6013x378', '2019-10-06', 'Femme', '1982-08-08'),
(249, 17, 84, 'Christopher', 'Perrot', 'pichonchristine@example.org', '898-500-2944x2184', '2022-05-14', 'Homme', '1989-09-24'),
(250, 18, 10, 'Rebecca', 'Maurice', 'olivier08@example.org', '0376658770', '2025-01-16', 'Femme', '1994-10-28'),
(251, 20, 6, 'Raymond', 'Parker', 'ylewis@example.com', '+33 (0)3 80 18 52 58', '2024-01-16', 'Femme', '1975-12-31'),
(252, 6, 72, 'Nicole', 'Lebrun', 'ssimon@example.com', '7417238228', '1999-10-18', 'Homme', '1981-07-14'),
(253, 19, 40, 'Jacob', 'Boyer', 'ndupuis@example.com', '001-227-969-4697', '2020-10-28', 'Femme', '1999-02-20'),
(254, 7, 44, 'Charlotte', 'Rodrigues', 'perezelizabeth@example.com', '04 11 52 48 67', '2000-03-30', 'Femme', '1968-03-16'),
(255, 10, 32, 'Yves', 'Wright', 'jward@example.org', '582.999.9028x99372', '2008-03-12', 'Femme', '1976-02-06'),
(256, 11, 71, 'Patricia', 'Fernandes', 'patrickstephen@example.org', '+33 (0)3 56 81 88 78', '2005-07-12', 'Homme', '1980-08-03'),
(257, 17, 69, 'Constance', 'Austin', 'xgerard@example.com', '(205)209-6915x01237', '2006-01-27', 'Femme', '1974-07-09'),
(258, 5, 61, 'Juliette', 'Ollivier', 'jgermain@example.com', '+33 (0)4 77 71 17 83', '2007-05-14', 'Homme', '1964-04-07'),
(259, 7, 89, 'Denise', 'Bryant', 'ytessier@example.net', '0368879897', '2024-09-24', 'Femme', '1969-06-29'),
(260, 5, 45, 'Alphonse', 'Jackson', 'wcooper@example.com', '+33 (0)5 36 82 29 82', '1983-09-17', 'Homme', '1960-10-09'),
(261, 3, 91, 'Sophie', 'Gosselin', 'ijames@example.net', '610-565-5823', '2023-02-04', 'Homme', '2003-12-16'),
(262, 13, 41, 'Perry', 'Gilles', 'launaymichelle@example.net', '+33 (0)1 81 87 05 52', '2012-02-28', 'Homme', '1985-09-02'),
(263, 17, 98, 'Melissa', 'Rice', 'michel95@example.net', '+33 2 61 61 13 75', '2013-04-23', 'Femme', '1990-10-16'),
(264, 2, 46, 'Benjamin', 'Aguilar', 'jenniferhodges@example.net', '05 81 99 04 49', '2022-07-07', 'Homme', '1988-08-09'),
(265, 18, 33, 'Erik', 'Delahaye', 'baudrygenevieve@example.net', '491-748-7354x40845', '2013-09-01', 'Homme', '1994-05-20'),
(266, 2, 2, 'David', 'Jacobson', 'sharoncordova@example.org', '+33 (0)4 81 60 03 87', '2012-09-14', 'Homme', '1976-05-30'),
(267, 15, 2, 'Fernando', 'Cannon', 'mitchelljacqueline@example.com', '426.545.8609', '2010-06-27', 'Femme', '1963-04-09'),
(268, 4, 5, 'Thomas', 'Harding', 'ycaron@example.org', '8484212164', '2011-12-06', 'Femme', '1988-02-08'),
(269, 6, 82, 'Adèle', 'Pons', 'moniquealexandre@example.com', '+33 (0)6 31 51 02 04', '2022-05-04', 'Femme', '1989-08-23'),
(270, 6, 84, 'Michael', 'Turpin', 'maryvalentine@example.com', '+33 4 90 66 28 98', '2020-12-22', 'Femme', '1998-10-01'),
(271, 13, 70, 'Raymond', 'Olsen', 'ashley94@example.org', '0367019858', '1996-12-27', 'Homme', '1972-02-18'),
(272, 20, 80, 'Robert', 'Paris', 'jeffrey01@example.com', '(332)693-8260x89309', '2025-06-11', 'Homme', '1982-06-23'),
(273, 7, 94, 'Don', 'De Sousa', 'ohoarau@example.com', '+33 (0)1 82 53 88 26', '2007-03-23', 'Homme', '1983-09-08'),
(274, 5, 41, 'Christina', 'Loiseau', 'lucynicolas@example.net', '0411926066', '2022-08-13', 'Homme', '2000-07-01'),
(275, 1, 86, 'Angela', 'Lemaître', 'susanjourdan@example.com', '684-395-5260', '2019-08-16', 'Femme', '1993-05-01'),
(276, 19, 95, 'Vernon', 'Cardenas', 'patrick74@example.net', '+33 (0)3 63 53 05 14', '2025-01-25', 'Homme', '2004-12-16'),
(277, 17, 48, 'Christopher', 'Hill', 'ylombard@example.net', '(397)743-7743', '2015-12-05', 'Femme', '1981-04-18'),
(278, 19, 60, 'Adrien', 'Blondel', 'andrejacob@example.net', '+1-393-444-3163x543', '2007-08-07', 'Femme', '1965-11-23'),
(279, 5, 84, 'René', 'Delgado', 'powersnancy@example.org', '001-272-904-0507x5390', '2011-02-11', 'Homme', '1978-02-23'),
(280, 6, 62, 'Justin', 'Hernandez', 'joseph45@example.org', '0385929444', '2005-09-27', 'Homme', '1980-03-14'),
(281, 18, 73, 'Sophie', 'Guilbert', 'mary37@example.com', '06 35 29 28 61', '2020-08-26', 'Femme', '1988-06-06'),
(282, 1, 65, 'Dorothée', 'Obrien', 'stephanie54@example.com', '03 87 22 98 92', '1986-07-18', 'Femme', '1960-09-19'),
(283, 19, 15, 'Lucas', 'Girard', 'adele91@example.net', '+33 (0)1 70 83 36 56', '2018-05-05', 'Homme', '1993-09-01'),
(284, 17, 11, 'Lauren', 'Cook', 'michaelchapman@example.net', '05 62 15 94 86', '2018-07-21', 'Femme', '1996-07-14'),
(285, 5, 47, 'Zoé', 'Lombard', 'whitneylopez@example.com', '(326)589-8623x7135', '2001-09-26', 'Homme', '1977-07-05'),
(286, 15, 73, 'Honoré', 'Jourdan', 'frederiqueperon@example.com', '+33 3 73 64 86 81', '2003-09-15', 'Homme', '1977-07-11'),
(287, 4, 89, 'Susan', 'Picard', 'lagardemargaux@example.org', '001-775-578-3939x94658', '2024-03-21', 'Homme', '1997-09-22'),
(288, 2, 47, 'Pamela', 'Ferrand', 'lorrainemallet@example.net', '+33 2 51 90 59 18', '2018-03-05', 'Femme', '1993-02-20'),
(289, 17, 43, 'Catherine', 'Traore', 'thereseguerin@example.com', '0484674139', '2023-01-21', 'Homme', '1965-12-22'),
(290, 10, 77, 'Margaret', 'Beck', 'michael23@example.net', '+1-270-661-7840x7109', '2015-05-03', 'Homme', '1983-12-18'),
(291, 17, 30, 'Stephanie', 'Conner', 'ndos-santos@example.com', '+1-815-871-4946x365', '2018-06-16', 'Femme', '1992-07-12'),
(292, 19, 99, 'Melinda', 'Launay', 'cookmaxwell@example.com', '+33 (0)2 32 17 43 52', '2013-07-29', 'Femme', '1995-07-14'),
(293, 11, 21, 'Frédérique', 'Sanders', 'annettepeterson@example.org', '05 82 40 38 51', '2012-01-22', 'Femme', '1989-07-07'),
(294, 10, 3, 'Jeremy', 'Clerc', 'zwoodward@example.org', '924-755-1177x118', '1997-04-30', 'Homme', '1974-05-01'),
(295, 20, 50, 'David', 'Dickson', 'bonnetbernard@example.org', '443.651.4071x0096', '2011-11-17', 'Homme', '1989-08-23'),
(296, 15, 35, 'Patricia', 'Pelletier', 'rtapia@example.net', '0466830936', '2023-12-17', 'Homme', '2003-08-25'),
(297, 12, 92, 'Derrick', 'Texier', 'marilyn16@example.com', '387.368.4684', '2021-11-16', 'Femme', '1992-09-02'),
(298, 5, 58, 'Élodie', 'Valdez', 'steven69@example.org', '708-768-9690', '2022-10-22', 'Homme', '1990-07-03'),
(299, 5, 11, 'Michael', 'Lopes', 'odette11@example.net', '985.201.2934', '2025-07-05', 'Homme', '2002-01-24'),
(300, 12, 13, 'Chantal', 'Gillet', 'omoreau@example.com', '03 65 08 78 00', '2024-03-24', 'Femme', '2003-04-20'),
(301, 18, 57, 'Jennifer', 'Lopez', 'bouchetcolette@example.net', '0615490713', '2023-07-07', 'Homme', '1996-10-19'),
(302, 16, 24, 'Marguerite', 'Baudry', 'emartin@example.net', '542-610-4273', '2018-02-25', 'Homme', '1976-08-19'),
(303, 18, 54, 'Gabriel', 'King', 'harperjames@example.com', '0533174549', '1995-01-20', 'Homme', '1975-10-19'),
(304, 17, 1, 'Honoré', 'Roberts', 'camille71@example.com', '+1-929-989-6772x77186', '2003-02-21', 'Homme', '1975-10-16'),
(305, 7, 83, 'Pénélope', 'Marchal', 'aurore41@example.org', '718-566-5295x78984', '2013-06-24', 'Homme', '1993-06-13'),
(306, 3, 73, 'Keith', 'Ledoux', 'tgregoire@example.com', '961-754-0853x4093', '2003-05-27', 'Homme', '1981-04-01'),
(307, 6, 27, 'Stéphanie', 'Hoareau', 'tracymoreno@example.org', '+33 2 57 94 11 63', '2021-04-26', 'Femme', '1996-05-11'),
(308, 17, 76, 'David', 'Martinez', 'dupuymartin@example.org', '0487008081', '2014-05-02', 'Femme', '1983-12-04'),
(309, 1, 48, 'Micheal', 'Lacroix', 'labbeantoine@example.com', '+33 3 66 29 38 73', '2002-06-21', 'Femme', '1973-03-15'),
(310, 11, 74, 'Julie', 'Romero', 'adrianperry@example.net', '(578)829-8309x32039', '2013-04-15', 'Femme', '1974-04-19'),
(311, 13, 6, 'Daniel', 'Marques', 'boulayalfred@example.org', '+33 2 37 61 81 82', '2018-05-19', 'Femme', '1992-01-28'),
(312, 16, 96, 'Bethany', 'Coleman', 'augustin60@example.net', '885.506.5291x111', '2022-01-14', 'Femme', '1992-02-20'),
(313, 6, 90, 'Lucy', 'Bernier', 'claudemahe@example.net', '815-611-3038x363', '2022-07-11', 'Femme', '1971-11-01'),
(314, 10, 55, 'Carlos', 'Pelletier', 'rlegrand@example.com', '+33 (0)1 58 30 43 40', '2020-02-07', 'Homme', '1985-01-10'),
(315, 11, 35, 'Isabelle', 'Barre', 'augustinfabre@example.com', '04 27 80 01 96', '2004-07-19', 'Homme', '1977-09-22'),
(316, 9, 9, 'Patricia', 'Maurice', 'higginskevin@example.net', '0170022664', '2012-05-05', 'Homme', '1975-07-26'),
(317, 5, 28, 'Agathe', 'Mcconnell', 'perkinsmichelle@example.net', '961.244.1776x2925', '2006-10-17', 'Homme', '1987-08-28'),
(318, 2, 35, 'Mary', 'Velazquez', 'valerieblanc@example.org', '+33 (0)2 31 78 80 78', '2013-08-01', 'Femme', '1992-01-26'),
(319, 18, 94, 'Chloe', 'Shannon', 'richardleclercq@example.net', '+1-341-985-7935x707', '2004-03-14', 'Femme', '1969-09-15'),
(320, 14, 46, 'Martin', 'Seguin', 'lopezsusanne@example.net', '417.659.2062x2793', '2012-06-16', 'Homme', '1973-11-12'),
(321, 11, 75, 'Jean', 'Collet', 'amandashaffer@example.net', '04 93 03 48 01', '2006-05-23', 'Homme', '1976-07-29'),
(322, 13, 52, 'John', 'Klein', 'victoriaanderson@example.net', '0385652449', '2019-05-13', 'Homme', '1965-04-23'),
(323, 20, 63, 'Zacharie', 'Poirier', 'manonleger@example.com', '+33 5 61 78 51 15', '2024-07-23', 'Homme', '2000-07-04'),
(324, 13, 29, 'Thomas', 'Graham', 'paulette59@example.com', '295-580-3410', '2000-06-17', 'Homme', '1972-05-15'),
(325, 10, 99, 'Adélaïde', 'Durand', 'lsanchez@example.org', '645-907-7568x8315', '2005-11-18', 'Homme', '1959-10-30'),
(326, 13, 51, 'Philippe', 'Watkins', 'ovillanueva@example.com', '02 21 26 77 42', '2019-12-23', 'Femme', '1978-11-04'),
(327, 18, 85, 'Mary', 'Legros', 'clerctristan@example.org', '(667)446-9794', '2008-09-27', 'Femme', '1976-02-05'),
(328, 10, 85, 'Thibault', 'Bush', 'margotferreira@example.com', '309-916-6325', '1994-07-22', 'Homme', '1975-10-09'),
(329, 3, 83, 'Charlotte', 'Rose', 'brianawallace@example.org', '02 37 33 65 18', '1986-07-20', 'Homme', '1967-04-17'),
(330, 12, 95, 'Marcelle', 'Trujillo', 'howellamy@example.net', '+33 (0)3 59 99 98 75', '2016-06-15', 'Femme', '1972-12-09'),
(331, 1, 47, 'Stacey', 'Lopez', 'tcharles@example.com', '+33 (0)2 97 00 63 18', '2024-08-15', 'Homme', '1990-12-15'),
(332, 4, 65, 'Damon', 'Pena', 'htorres@example.net', '06 36 95 24 36', '1996-10-24', 'Femme', '1971-03-04'),
(333, 11, 40, 'Kevin', 'Cordier', 'ponssebastien@example.net', '+33 3 61 44 17 66', '2021-09-14', 'Femme', '1982-05-21'),
(334, 20, 98, 'Louis', 'Lemoine', 'peterstewart@example.org', '0244474135', '2019-09-03', 'Homme', '1996-05-12'),
(335, 4, 49, 'Margaret', 'Hebert', 'ghawkins@example.com', '493-994-4145x14365', '2008-06-14', 'Femme', '1961-07-25'),
(336, 13, 61, 'Sylvie', 'Kim', 'matthewthompson@example.net', '+1-754-424-0970x935', '2004-03-03', 'Homme', '1970-07-18'),
(337, 18, 87, 'Curtis', 'Underwood', 'xgermain@example.com', '8017814343', '1995-01-19', 'Femme', '1973-02-03'),
(338, 14, 51, 'Susan', 'Boucher', 'paulalexander@example.com', '(271)376-6256', '2024-03-09', 'Femme', '1998-08-19'),
(339, 16, 17, 'Madeleine', 'Clément', 'olliviergabriel@example.com', '596.245.7672', '2019-06-07', 'Femme', '1961-01-09'),
(340, 14, 45, 'Josette', 'Gauthier', 'henrygail@example.com', '600-694-4288x871', '1996-06-06', 'Femme', '1966-02-04'),
(341, 4, 36, 'Julie', 'Goncalves', 'jacquelineroyer@example.org', '0339359967', '2012-09-14', 'Homme', '1967-03-04'),
(342, 9, 95, 'David', 'Ramirez', 'phayden@example.net', '5022017768', '2010-10-13', 'Homme', '1991-02-23'),
(343, 15, 46, 'Jose', 'Aubry', 'bernardgabrielle@example.net', '+33 6 35 08 21 08', '2017-12-29', 'Homme', '1997-09-16'),
(344, 13, 79, 'Stacey', 'Perez', 'katrina76@example.org', '+33 1 41 62 85 28', '2011-11-02', 'Homme', '1961-09-15'),
(345, 14, 89, 'Mandy', 'Bègue', 'isaac28@example.org', '+33 (0)1 58 66 41 98', '2020-09-16', 'Homme', '2002-05-04'),
(346, 14, 79, 'Sabine', 'Scott', 'juliettebaron@example.net', '03 52 73 90 15', '1994-07-04', 'Homme', '1962-08-20'),
(347, 7, 45, 'Madeleine', 'Jenkins', 'kari18@example.net', '02 30 30 95 06', '2022-03-25', 'Femme', '2002-08-13'),
(348, 3, 39, 'John', 'Swanson', 'richardkennedy@example.net', '0149603321', '2025-05-09', 'Homme', '1988-07-11'),
(349, 16, 8, 'Wendy', 'Hart', 'margaud05@example.net', '001-718-922-6078x485', '2023-07-19', 'Homme', '1967-04-11'),
(350, 4, 75, 'Linda', 'Thierry', 'riveraelizabeth@example.org', '635.528.2542x3768', '2022-09-05', 'Femme', '2002-10-07'),
(351, 7, 62, 'Gabrielle', 'Rocher', 'clarkelizabeth@example.net', '0805758913', '2023-01-14', 'Homme', '2000-06-17'),
(352, 8, 8, 'Kristy', 'Marie', 'otecher@example.org', '01 49 83 28 22', '2017-03-12', 'Homme', '1996-04-17'),
(353, 13, 3, 'Brian', 'Burns', 'natalieholmes@example.net', '05 59 99 61 56', '2010-07-13', 'Homme', '1959-11-17'),
(354, 15, 25, 'Henriette', 'Avila', 'nicholsonbrandi@example.com', '0633705054', '2025-03-14', 'Femme', '1960-08-01'),
(355, 17, 65, 'Antoine', 'Fontaine', 'harrismargaret@example.com', '0188398797', '2014-06-03', 'Femme', '1995-06-11'),
(356, 16, 27, 'Isaac', 'Lebrun', 'nathan38@example.net', '0235536307', '2000-11-28', 'Homme', '1966-04-14'),
(357, 9, 7, 'Marthe', 'Ball', 'debrajames@example.com', '05 55 30 66 87', '2023-01-15', 'Homme', '1989-03-29'),
(358, 8, 41, 'David', 'Samson', 'mahemargaret@example.org', '001-888-826-7608', '2019-12-10', 'Femme', '1998-10-21'),
(359, 6, 71, 'Léon', 'Ellis', 'christine59@example.net', '+33 (0)4 32 08 50 69', '2014-08-11', 'Femme', '1985-12-30'),
(360, 19, 92, 'Timothée', 'Munoz', 'antoinehoareau@example.com', '0677521376', '2022-02-05', 'Femme', '1977-04-25'),
(361, 19, 55, 'Ashley', 'Ryan', 'margaretbreton@example.org', '6484302531', '2021-10-19', 'Homme', '1980-05-25'),
(362, 7, 62, 'Evelyn', 'Morales', 'marguerite40@example.com', '0328545585', '2012-03-25', 'Homme', '1965-04-16'),
(363, 16, 46, 'Arthur', 'Bigot', 'meganmorris@example.org', '(286)471-3936x72893', '1993-09-13', 'Homme', '1971-04-25'),
(364, 11, 74, 'Mary', 'Conway', 'reynoldsjeffrey@example.net', '496.726.6669x6501', '2021-12-27', 'Femme', '1995-03-20'),
(365, 19, 83, 'Kathleen', 'Brown', 'gregorybarrera@example.net', '001-584-516-3554', '2005-05-31', 'Homme', '1971-11-29'),
(366, 4, 44, 'Olivier', 'Prévost', 'levyrichard@example.com', '+33 (0)2 90 46 61 83', '2015-12-14', 'Homme', '1972-10-28'),
(367, 19, 95, 'Sabine', 'Cobb', 'ashleybentley@example.net', '0473521764', '1988-04-29', 'Homme', '1964-07-23'),
(368, 15, 39, 'Victoire', 'Larson', 'normanalexis@example.net', '02 36 50 54 38', '2018-04-20', 'Femme', '1965-04-15'),
(369, 12, 1, 'Heather', 'Lesage', 'lorrainedelaunay@example.com', '8134485626', '2021-02-22', 'Homme', '1996-01-19'),
(370, 12, 78, 'Christina', 'Poulain', 'bvallee@example.org', '001-901-517-6251x28665', '2019-07-27', 'Homme', '1987-10-17'),
(371, 20, 47, 'Robert', 'Descamps', 'paulette45@example.org', '001-248-475-6487', '1992-10-07', 'Femme', '1972-06-23'),
(372, 18, 78, 'Kevin', 'Scott', 'robinhiggins@example.com', '439.889.0023', '1996-12-31', 'Homme', '1975-07-31'),
(373, 2, 91, 'Melissa', 'Maréchal', 'michellelegros@example.com', '0182165472', '2005-05-15', 'Femme', '1965-05-17'),
(374, 6, 12, 'Lorraine', 'King', 'pgimenez@example.net', '+1-788-345-3881x59844', '2022-12-08', 'Homme', '2003-10-30'),
(375, 14, 91, 'Melissa', 'Renault', 'hayesmatthew@example.org', '(287)668-5772', '2006-08-12', 'Homme', '1983-02-14'),
(376, 5, 25, 'Christelle', 'Nichols', 'colletguy@example.net', '0237399522', '1982-09-09', 'Femme', '1961-12-06'),
(377, 13, 39, 'Alison', 'Young', 'monique96@example.net', '(521)322-4056x1814', '2020-06-26', 'Homme', '2001-04-24'),
(378, 15, 44, 'Kayla', 'Rousset', 'lhunter@example.org', '001-359-942-9424x45989', '2010-08-19', 'Homme', '1969-03-22'),
(379, 4, 6, 'Adrienne', 'Gomez', 'fryechristopher@example.com', '0482499335', '2025-07-03', 'Homme', '2005-06-04'),
(380, 10, 49, 'Wendy', 'White', 'gjohnson@example.net', '+33 4 82 99 93 39', '1989-07-29', 'Femme', '1969-04-29'),
(381, 2, 30, 'Tiffany', 'Gardner', 'lucie62@example.com', '001-526-747-6928x9524', '1996-08-02', 'Femme', '1963-11-12'),
(382, 7, 4, 'Robin', 'Leclercq', 'gblake@example.com', '04 83 10 85 75', '2001-02-10', 'Femme', '1963-04-13'),
(383, 1, 73, 'Nicole', 'Perez', 'charlesdeschamps@example.net', '04 66 89 23 28', '2017-05-14', 'Femme', '1972-05-19'),
(384, 5, 67, 'Anaïs', 'Sanchez', 'glennhoward@example.net', '4593953084', '2010-02-21', 'Femme', '1972-08-18'),
(385, 1, 34, 'Jason', 'Spencer', 'byrdmary@example.com', '+33 (0)4 97 05 24 47', '2001-10-11', 'Homme', '1979-08-01'),
(386, 9, 85, 'Claire', 'Brun', 'rolandmartineau@example.com', '(364)844-9440x0081', '2024-10-04', 'Femme', '2004-07-22'),
(387, 1, 40, 'Timothée', 'Pasquier', 'ebarbe@example.org', '+33 5 87 39 50 15', '1995-07-04', 'Homme', '1961-03-07'),
(388, 11, 25, 'Cécile', 'Carter', 'bakerjulie@example.org', '001-991-943-4962x737', '2020-02-10', 'Homme', '1976-05-24'),
(389, 9, 57, 'Véronique', 'Ortiz', 'rollandclaudine@example.net', '405-455-8952', '2009-11-02', 'Homme', '1981-06-24'),
(390, 12, 20, 'Jonathan', 'Morris', 'jordannicholas@example.org', '0755202073', '2023-07-15', 'Femme', '1972-06-05'),
(391, 16, 37, 'Jonathan', 'Imbert', 'ytaylor@example.com', '+1-813-273-9247x893', '2023-08-06', 'Femme', '2000-01-28'),
(392, 4, 85, 'Margaud', 'Martineau', 'madison26@example.org', '0442297782', '2024-06-26', 'Femme', '2004-11-16'),
(393, 2, 82, 'Daniel', 'Malone', 'laurelombard@example.net', '01 64 64 75 87', '2012-09-14', 'Homme', '1982-01-21'),
(394, 10, 7, 'James', 'Michaud', 'mariegenevieve@example.com', '+33 (0)7 33 33 88 05', '2022-02-26', 'Homme', '2000-09-15'),
(395, 7, 40, 'Louis', 'Traore', 'fknight@example.org', '01 76 33 15 71', '2022-09-19', 'Homme', '2002-03-24'),
(396, 16, 48, 'Pamela', 'Joly', 'juliette27@example.com', '+1-530-801-8922x57958', '2006-07-06', 'Femme', '1967-01-05'),
(397, 9, 69, 'Julie', 'Marshall', 'mariaharris@example.com', '05 35 69 04 43', '2002-02-22', 'Homme', '1982-07-20'),
(398, 9, 97, 'Arnaude', 'Davis', 'nicoleevans@example.org', '+1-395-342-8052x13592', '1992-12-15', 'Homme', '1969-08-24'),
(399, 18, 97, 'Océane', 'Clarke', 'moulinnicolas@example.net', '+33 2 44 55 28 35', '2000-07-06', 'Femme', '1968-06-29'),
(400, 17, 58, 'Catherine', 'Perret', 'charles77@example.net', '02 28 31 57 39', '2021-09-12', 'Homme', '1996-12-21'),
(401, 16, 66, 'Eduardo', 'Boulay', 'andrew81@example.com', '001-475-397-8914x3803', '2001-11-27', 'Femme', '1965-03-25'),
(402, 13, 24, 'Isaac', 'Montgomery', 'david52@example.com', '0519192049', '1996-08-04', 'Homme', '1975-10-17'),
(403, 3, 98, 'Melissa', 'Lawrence', 'johngomez@example.com', '0235677525', '2024-09-17', 'Homme', '2003-12-30'),
(404, 16, 63, 'Patricia', 'Hutchinson', 'agiraud@example.com', '01 30 31 31 63', '2024-06-08', 'Femme', '1999-05-24'),
(405, 8, 35, 'Jacques', 'Evans', 'ktoussaint@example.com', '787-938-2234x6751', '2023-12-24', 'Homme', '1963-08-30'),
(406, 9, 47, 'Constance', 'Williams', 'amuller@example.com', '0296078473', '2016-06-22', 'Femme', '1990-09-24'),
(407, 5, 62, 'Alexandrie', 'Grenier', 'bertrandjuliette@example.com', '+1-739-242-4577', '2020-12-13', 'Femme', '1993-12-20'),
(408, 11, 47, 'Camille', 'Cohen', 'leclercqroger@example.net', '+1-727-210-7832x51846', '2024-01-27', 'Femme', '2005-05-29'),
(409, 4, 45, 'Christine', 'Blondel', 'qschaefer@example.org', '942-885-6965x47916', '2000-09-09', 'Homme', '1978-11-29'),
(410, 19, 6, 'Mary', 'Peltier', 'kthompson@example.org', '+33 (0)2 77 65 67 82', '2023-11-03', 'Homme', '2004-12-05'),
(411, 4, 26, 'Laurent', 'Small', 'jeanbrun@example.com', '+33 2 35 87 73 45', '2005-12-24', 'Femme', '1960-01-07'),
(412, 4, 80, 'Bobby', 'Texier', 'oray@example.org', '218.877.7318x034', '2021-10-27', 'Femme', '1991-06-13'),
(413, 14, 25, 'Julie', 'Huet', 'joanevans@example.org', '001-968-471-4265x66291', '2007-12-02', 'Femme', '1982-02-15'),
(414, 5, 98, 'Morgan', 'Lopes', 'lori19@example.org', '+1-882-535-7488x778', '2020-10-09', 'Homme', '1998-08-22'),
(415, 19, 73, 'Élise', 'Johnson', 'ggimenez@example.org', '001-877-394-2293x59108', '2024-05-24', 'Homme', '1967-01-06'),
(416, 13, 91, 'Matthew', 'Legros', 'heather03@example.org', '+1-261-269-4338x278', '2007-04-01', 'Femme', '1972-12-06'),
(417, 12, 12, 'Emmanuel', 'Scott', 'zacharie33@example.net', '715-263-4962x4689', '2012-11-16', 'Homme', '1980-07-27'),
(418, 20, 44, 'Daniel', 'Hartman', 'alejandrohodges@example.com', '+33 (0)2 30 39 74 47', '2018-06-04', 'Femme', '1992-02-06'),
(419, 14, 58, 'Jim', 'Lesage', 'mmolina@example.com', '+33 3 81 08 88 78', '2018-11-10', 'Femme', '1989-12-04'),
(420, 9, 33, 'Sylvie', 'Turpin', 'nicole52@example.net', '+1-744-990-1801x84950', '2022-08-03', 'Femme', '2004-07-06'),
(421, 2, 9, 'Madeleine', 'Andre', 'peltieralexandrie@example.net', '+33 (0)1 74 75 89 46', '2019-03-11', 'Femme', '1999-01-29'),
(422, 18, 58, 'Christopher', 'Briand', 'hbreton@example.org', '(817)770-9605', '2021-12-17', 'Femme', '2000-06-09'),
(423, 18, 34, 'Stephen', 'Bernard', 'rebecca32@example.org', '04 84 80 73 26', '2009-07-25', 'Femme', '1983-04-27'),
(424, 2, 38, 'Jeremiah', 'Lewis', 'jacquothelene@example.com', '03 65 92 96 12', '2019-06-22', 'Femme', '1999-05-05'),
(425, 14, 53, 'Michelle', 'Smith', 'katherinebrowning@example.net', '537-853-9960x46182', '2017-06-23', 'Homme', '1985-06-30'),
(426, 13, 4, 'Denise', 'Smith', 'julia41@example.net', '9802990249', '2006-11-05', 'Femme', '1976-07-24'),
(427, 3, 79, 'Scott', 'Schmitt', 'salazarveronica@example.org', '529.856.4354', '2015-04-05', 'Femme', '1993-03-05'),
(428, 16, 81, 'Dwayne', 'Morales', 'yveslemoine@example.com', '001-817-686-8283x707', '2022-09-04', 'Homme', '1961-12-11'),
(429, 18, 84, 'Auguste', 'Jones', 'johnsondaniel@example.org', '(487)287-8476', '2012-08-08', 'Femme', '1982-05-11'),
(430, 18, 42, 'Mary', 'Fischer', 'mackdylan@example.org', '(849)749-6684x3752', '1999-02-13', 'Homme', '1960-02-23'),
(431, 10, 89, 'Marianne', 'Mendez', 'parkrobert@example.net', '+33 (0)4 94 81 32 63', '1998-06-21', 'Femme', '1973-03-04'),
(432, 1, 64, 'Gabriel', 'Gilbert', 'clebreton@example.net', '001-514-947-2281', '2021-04-28', 'Femme', '2000-08-21'),
(433, 20, 30, 'Philippe', 'Collin', 'russodanielle@example.net', '0554073715', '2014-11-01', 'Homme', '1968-08-28'),
(434, 8, 87, 'Tara', 'Jones', 'xbrunet@example.net', '(619)912-7058', '2011-11-16', 'Homme', '1969-12-01'),
(435, 14, 75, 'Dorothée', 'Maurice', 'amelie56@example.org', '0540435370', '2013-11-29', 'Femme', '1983-02-04'),
(436, 18, 43, 'Gabriel', 'Hernandez', 'levyluc@example.org', '411.414.1747x615', '2023-10-28', 'Femme', '2005-03-01'),
(437, 3, 98, 'William', 'Serrano', 'adrienfaure@example.org', '0149396864', '1990-12-27', 'Femme', '1965-04-20'),
(438, 5, 56, 'Jennifer', 'Wyatt', 'rebecca50@example.net', '04 93 94 24 73', '2010-10-22', 'Homme', '1985-03-21'),
(439, 11, 5, 'Keith', 'Marty', 'richardtoussaint@example.net', '795.584.1824x62458', '2023-09-19', 'Homme', '1997-12-12'),
(440, 7, 19, 'Tamara', 'Hamilton', 'lesagepauline@example.net', '6542516339', '2024-02-15', 'Homme', '1980-10-08'),
(441, 5, 14, 'Emmanuelle', 'Courtois', 'andree25@example.org', '(355)257-4717', '2021-06-24', 'Homme', '1995-10-12'),
(442, 14, 15, 'Jesse', 'Evans', 'charlestexier@example.com', '963.253.9406', '2019-06-06', 'Femme', '1997-07-19'),
(443, 8, 82, 'Corinne', 'Auger', 'richardmaillet@example.org', '(674)350-4123x51418', '1989-05-07', 'Femme', '1963-12-07'),
(444, 18, 57, 'Paulette', 'Salmon', 'wnormand@example.com', '+33 (0)1 78 60 44 50', '2012-05-04', 'Femme', '1974-07-07'),
(445, 13, 55, 'David', 'Johnston', 'picardroger@example.org', '001-608-464-3491x9841', '2022-12-21', 'Homme', '1999-11-19'),
(446, 5, 23, 'Margaret', 'Colin', 'dstanley@example.com', '439.838.1508', '2023-11-15', 'Femme', '2005-05-26'),
(447, 11, 60, 'Michelle', 'Besnard', 'lucie56@example.org', '0767228038', '2021-09-08', 'Homme', '1991-10-05'),
(448, 12, 39, 'Xavier', 'Carpentier', 'jray@example.net', '955-244-8826x80841', '2007-05-25', 'Femme', '1974-04-29'),
(449, 6, 59, 'Aimé', 'Robinson', 'victorsantos@example.com', '+1-424-656-3432x532', '2007-06-16', 'Homme', '1973-07-28'),
(450, 20, 91, 'Bruce', 'Dufour', 'jillmoore@example.com', '0490173347', '2011-11-07', 'Femme', '1983-11-04'),
(451, 13, 54, 'Dominique', 'Ball', 'dvazquez@example.com', '4663585078', '2022-06-10', 'Femme', '1974-04-08'),
(452, 17, 1, 'Brandi', 'Bertin', 'grossylvie@example.net', '0183825940', '2024-09-28', 'Homme', '1972-09-01'),
(453, 6, 72, 'Rémy', 'Bell', 'meuniernoel@example.net', '03 67 54 98 26', '2017-06-26', 'Femme', '1976-11-27'),
(454, 13, 93, 'Brandy', 'Gomes', 'qlegros@example.com', '563.553.6810', '2010-05-19', 'Femme', '1979-07-19'),
(455, 5, 59, 'Robert', 'Jacquot', 'spottier@example.net', '+33 4 81 28 45 94', '2000-09-06', 'Homme', '1968-06-04'),
(456, 9, 98, 'Oscar', 'Snyder', 'alexisjones@example.com', '+33 (0)4 15 19 02 34', '2000-06-01', 'Femme', '1975-11-09'),
(457, 8, 25, 'Gérard', 'Robin', 'ssanders@example.com', '+33 (0)3 39 62 33 17', '2024-09-30', 'Femme', '1991-10-02'),
(458, 3, 16, 'Andrew', 'Lowe', 'josephgay@example.org', '+33 (0)4 74 77 77 33', '1985-06-27', 'Femme', '1959-09-10'),
(459, 18, 66, 'Kelly', 'Mercier', 'courtney43@example.net', '(378)969-6845', '2004-02-21', 'Homme', '1962-11-07'),
(460, 7, 87, 'Johnny', 'Steele', 'marcellecarpentier@example.net', '238.547.7615', '2002-12-28', 'Femme', '1973-06-30'),
(461, 3, 62, 'Anthony', 'Conley', 'jennifer67@example.org', '827.523.8984x0495', '2025-01-04', 'Homme', '2002-10-13'),
(462, 1, 17, 'Josette', 'Lewis', 'lopezluce@example.net', '+33 4 84 72 95 89', '2016-05-16', 'Homme', '1986-05-18'),
(463, 8, 79, 'Jennifer', 'Beck', 'lfernandez@example.com', '+33 (0)4 58 08 74 26', '2017-05-12', 'Femme', '1997-08-19'),
(464, 13, 65, 'Océane', 'Watson', 'bethanylarson@example.net', '(879)762-3261x22578', '2021-03-11', 'Homme', '1990-02-14'),
(465, 17, 97, 'Christopher', 'Berthelot', 'triley@example.com', '820.870.7987x22405', '2019-12-31', 'Homme', '1970-06-17'),
(466, 6, 63, 'Destiny', 'Norman', 'baillyvincent@example.com', '513.258.7171x53745', '2022-11-21', 'Femme', '1993-01-20'),
(467, 6, 4, 'Levi', 'Suarez', 'pdupuis@example.com', '+33 2 21 91 88 98', '2015-04-05', 'Femme', '1969-06-21'),
(468, 1, 2, 'Christopher', 'Colin', 'henriette86@example.org', '+33 (0)3 21 78 11 18', '2010-10-08', 'Femme', '1980-07-03'),
(469, 4, 78, 'Caroline', 'Carpentier', 'natalie94@example.net', '+33 (0)2 99 30 80 34', '2023-07-07', 'Femme', '1977-04-18'),
(470, 13, 44, 'Timothy', 'Jones', 'groslaurent@example.org', '+33 1 56 59 70 08', '2011-09-08', 'Homme', '1964-09-30'),
(471, 10, 18, 'Sydney', 'Keller', 'xpatel@example.org', '6758777889', '2001-10-10', 'Homme', '1965-05-20'),
(472, 5, 13, 'Kayla', 'Bègue', 'michele92@example.com', '01 60 19 45 18', '1999-08-03', 'Femme', '1981-06-18'),
(473, 2, 5, 'Catherine', 'Rodrigues', 'georgesblanchet@example.net', '+1-458-811-2127x221', '2022-02-13', 'Homme', '1981-03-27'),
(474, 1, 75, 'Arnaude', 'Buisson', 'davistina@example.org', '686.800.8614x89955', '2022-10-14', 'Homme', '1972-10-07'),
(475, 9, 86, 'Veronica', 'Schroeder', 'jon25@example.com', '960-448-6450x660', '2014-10-07', 'Femme', '1961-05-17'),
(476, 14, 10, 'Jacob', 'Maréchal', 'torrescharles@example.org', '5813246767', '2021-06-14', 'Homme', '1979-11-17'),
(477, 7, 24, 'Laure', 'Faure', 'meganyoung@example.com', '+33 (0)4 76 57 18 40', '2006-05-23', 'Femme', '1971-02-12'),
(478, 14, 23, 'Aimé', 'Legrand', 'michaelwilliams@example.net', '+33 5 86 88 38 23', '2000-06-03', 'Homme', '1976-02-20'),
(479, 10, 2, 'Odette', 'Simpson', 'alexandria36@example.net', '04 73 03 12 42', '2021-10-09', 'Homme', '1968-01-01'),
(480, 15, 11, 'Camille', 'Cruz', 'inesmartins@example.com', '883-538-7581x69319', '2023-10-24', 'Femme', '1990-03-11'),
(481, 13, 23, 'Stephanie', 'Laroche', 'smithheidi@example.com', '+33 4 97 05 12 88', '2017-06-03', 'Homme', '1988-04-04'),
(482, 18, 31, 'Joseph', 'Gross', 'apottier@example.com', '0375502704', '2000-09-21', 'Homme', '1981-02-07'),
(483, 6, 15, 'Édith', 'Barthelemy', 'tsauvage@example.net', '(704)690-5506x3585', '2010-06-10', 'Femme', '1968-03-13'),
(484, 13, 42, 'Andrée', 'Masson', 'jennifermurphy@example.com', '03 61 56 82 66', '2019-04-04', 'Femme', '1982-09-08'),
(485, 8, 100, 'Adrienne', 'Jones', 'whitneyboyer@example.com', '782.424.1064x032', '2019-08-05', 'Femme', '1965-04-22'),
(486, 5, 22, 'Jorge', 'Case', 'janecollins@example.com', '+1-700-475-4444x636', '1998-02-20', 'Femme', '1967-10-14'),
(487, 19, 9, 'Victor', 'Lemaître', 'ysmith@example.org', '314-479-8901x887', '2004-04-21', 'Homme', '1967-03-29'),
(488, 13, 87, 'Melissa', 'Garcia', 'pamcrawford@example.com', '+33 (0)5 49 96 26 82', '1994-07-11', 'Femme', '1971-02-05'),
(489, 15, 42, 'Julie', 'Nicolas', 'natasha23@example.net', '2994214035', '2000-06-09', 'Homme', '1959-09-04'),
(490, 16, 17, 'Patrick', 'Riley', 'andrew06@example.net', '06 67 52 53 45', '2001-12-08', 'Femme', '1968-06-25'),
(491, 12, 37, 'Maria', 'Cox', 'joseph93@example.com', '(918)684-0258', '2016-10-01', 'Homme', '1992-02-12'),
(492, 18, 43, 'Kayla', 'Zimmerman', 'patricklegrand@example.com', '0442753228', '2018-05-24', 'Femme', '1982-09-24'),
(493, 13, 24, 'Jeffrey', 'Reynolds', 'emile72@example.net', '+33 (0)3 28 51 38 78', '2017-06-28', 'Femme', '1998-02-06'),
(494, 20, 18, 'Christelle', 'Marchal', 'juliedubois@example.net', '+33 4 50 12 21 66', '2015-02-13', 'Femme', '1995-12-31'),
(495, 1, 16, 'Christopher', 'Rhodes', 'yparker@example.com', '+33 3 52 35 65 17', '2021-11-23', 'Femme', '1988-04-07'),
(496, 7, 92, 'Denise', 'Dufour', 'ebuisson@example.org', '(944)526-0049x4436', '2010-04-19', 'Femme', '1986-09-28'),
(497, 3, 42, 'Anthony', 'Trevino', 'hcousin@example.net', '0170722813', '2023-06-26', 'Femme', '1997-12-19'),
(498, 6, 54, 'Raymond', 'Poirier', 'stephanie65@example.org', '941.540.0970x0157', '1985-07-11', 'Femme', '1959-08-05'),
(499, 7, 91, 'Charlotte', 'Lopez', 'qfernandes@example.com', '0352638005', '2018-08-16', 'Femme', '1987-07-26'),
(500, 16, 34, 'Alexandrie', 'Warren', 'donald60@example.org', '740-495-7723x81338', '2022-07-25', 'Femme', '2002-01-24'),
(501, 5, 98, 'Nathalie', 'Moreno', 'clairenavarro@example.com', '(855)972-7828', '2023-08-22', 'Homme', '1985-02-25'),
(502, 7, 91, 'Nicole', 'Vincent', 'lindseyvang@example.net', '0631150950', '2019-04-10', 'Homme', '1997-11-20'),
(503, 18, 54, 'Margaret', 'Vasquez', 'eleonoremaurice@example.com', '+33 6 32 18 11 71', '2006-01-11', 'Homme', '1965-12-29'),
(504, 8, 73, 'Sheila', 'Weber', 'nhunt@example.com', '(576)697-3262x053', '2025-06-11', 'Femme', '1973-08-05'),
(505, 15, 56, 'Richard', 'Leduc', 'jacksonedward@example.org', '+33 (0)3 62 36 73 10', '2011-07-08', 'Homme', '1965-01-31'),
(506, 14, 34, 'Agathe', 'Butler', 'adrienneclerc@example.net', '0415938262', '2024-05-08', 'Homme', '1988-11-15'),
(507, 1, 50, 'Gabrielle', 'Li', 'dmerritt@example.com', '+1-451-463-1193x19499', '2022-06-26', 'Femme', '1988-04-01'),
(508, 9, 19, 'Valérie', 'Martin', 'christinechauvin@example.net', '+1-483-601-4928', '1990-09-07', 'Homme', '1960-12-30'),
(509, 13, 16, 'Jacob', 'Fernandez', 'lmarks@example.org', '+33 3 62 78 94 14', '2021-05-23', 'Femme', '1993-05-16'),
(510, 3, 1, 'Adrienne', 'Vargas', 'ujackson@example.org', '+33 4 22 22 19 89', '2023-10-11', 'Femme', '2003-07-05'),
(511, 6, 8, 'Kathleen', 'Rodriguez', 'meaganyoder@example.com', '562.599.3773', '2023-06-04', 'Homme', '1996-01-21'),
(512, 8, 79, 'Bernadette', 'Foucher', 'brian06@example.net', '+1-802-787-4221x152', '2019-12-27', 'Femme', '1999-04-05'),
(513, 6, 59, 'Jules', 'Bigot', 'george14@example.com', '758-344-7201x571', '2014-02-26', 'Homme', '1970-10-21'),
(514, 12, 63, 'Sébastien', 'Grondin', 'yvonne19@example.net', '906-777-2330x471', '2025-02-26', 'Homme', '2000-01-23'),
(515, 10, 64, 'Kathryn', 'Simon', 'fischerlucas@example.net', '+33 (0)4 38 46 28 55', '2001-10-12', 'Femme', '1977-10-01'),
(516, 1, 7, 'Jennifer', 'Valentin', 'christian51@example.org', '+1-516-235-0380x654', '2022-04-23', 'Homme', '1990-11-29'),
(517, 16, 97, 'Alexandre', 'Spence', 'osmith@example.com', '507-280-1649', '2003-09-30', 'Femme', '1984-10-03'),
(518, 13, 26, 'Evan', 'Nguyen', 'jason13@example.com', '+33 5 90 35 36 23', '2009-06-09', 'Homme', '1989-03-27'),
(519, 13, 28, 'Thibault', 'Newman', 'masseydavid@example.com', '01 40 12 25 91', '1998-10-03', 'Homme', '1965-09-18'),
(520, 14, 1, 'Curtis', 'Johnston', 'bourdontheophile@example.com', '(873)708-9410x099', '2015-11-03', 'Femme', '1995-07-18'),
(521, 8, 7, 'Agnès', 'Miller', 'ldavenport@example.org', '001-512-509-5482', '1990-09-23', 'Femme', '1972-01-19'),
(522, 5, 90, 'Lori', 'Le Roux', 'anais85@example.net', '588-470-8860x95833', '2015-07-31', 'Homme', '1982-01-22'),
(523, 8, 92, 'Claude', 'Raynaud', 'aurore41@example.com', '+33 (0)3 27 98 48 53', '2024-03-04', 'Femme', '2004-10-19'),
(524, 12, 43, 'Denise', 'Samson', 'cjoubert@example.com', '(993)220-4870x6085', '2024-07-17', 'Femme', '1996-01-01'),
(525, 3, 29, 'Adrienne', 'Howe', 'kelly45@example.com', '381.661.2725x816', '2021-11-03', 'Homme', '1984-08-09'),
(526, 12, 68, 'Ricky', 'Bazin', 'george46@example.net', '711.465.2329', '2015-08-13', 'Homme', '1978-04-03'),
(527, 17, 66, 'Cécile', 'Pascal', 'gaillardjoseph@example.com', '001-754-855-0894x975', '2014-09-10', 'Femme', '1984-08-18'),
(528, 8, 76, 'Lori', 'Cohen', 'newmanthomas@example.org', '(546)564-9342x014', '1999-03-03', 'Femme', '1973-02-12'),
(529, 10, 99, 'Arthur', 'Da Costa', 'leducdanielle@example.org', '+33 (0)5 45 85 33 66', '2020-10-17', 'Homme', '1994-01-22'),
(530, 6, 5, 'Jerry', 'Colas', 'gabriel58@example.com', '(672)493-3442x3349', '2021-05-20', 'Homme', '1991-03-18'),
(531, 16, 92, 'Timothy', 'Jones', 'allenkevin@example.com', '001-787-223-1636x583', '2021-10-13', 'Homme', '1998-05-03'),
(532, 1, 65, 'Antoinette', 'Peck', 'ltran@example.org', '05 32 60 13 54', '2016-02-25', 'Femme', '1988-07-25'),
(533, 1, 67, 'Carol', 'Smith', 'medinaandre@example.com', '05 24 19 67 81', '2024-06-24', 'Homme', '1982-08-30'),
(534, 17, 22, 'Hortense', 'Daniel', 'ggoncalves@example.com', '+33 3 63 75 63 65', '2019-01-30', 'Homme', '1959-09-02'),
(535, 18, 65, 'Susan', 'Myers', 'tbazin@example.org', '+33 (0)1 47 67 99 67', '2016-05-18', 'Femme', '1979-11-27'),
(536, 11, 64, 'Kimberly', 'Holt', 'courtneywilson@example.com', '506.585.8862', '2024-06-18', 'Femme', '2005-01-19'),
(537, 3, 3, 'Kevin', 'Leonard', 'lphelps@example.net', '+33 4 99 70 99 52', '2003-09-05', 'Femme', '1959-12-13'),
(538, 14, 76, 'Stéphane', 'Delahaye', 'margaret77@example.net', '6184367365', '2019-03-31', 'Femme', '1998-03-19'),
(539, 9, 60, 'Sylvie', 'Turpin', 'jerry62@example.com', '06 38 88 55 41', '2024-11-19', 'Femme', '2005-01-25'),
(540, 5, 88, 'David', 'Perez', 'alexandrenavarro@example.org', '+33 (0)3 20 52 76 12', '2024-02-24', 'Homme', '1992-01-12'),
(541, 8, 47, 'Aimé', 'Gomez', 'rolandturpin@example.org', '001-743-712-6173', '2022-07-02', 'Femme', '2001-10-12'),
(542, 15, 87, 'Agnès', 'Garcia', 'cookwilliam@example.com', '04 77 85 28 16', '2009-04-26', 'Femme', '1988-12-18'),
(543, 7, 9, 'Colette', 'Renard', 'elizabethbarker@example.com', '05 54 19 20 22', '2020-04-22', 'Femme', '1965-10-27'),
(544, 11, 88, 'Constance', 'Bigot', 'aimeepeterson@example.net', '+33 (0)5 19 92 42 45', '2018-05-20', 'Femme', '1994-05-09'),
(545, 17, 34, 'Guillaume', 'Dupont', 'roblesclaire@example.net', '755-997-2174x726', '2013-11-28', 'Homme', '1991-01-09'),
(546, 8, 23, 'Ariel', 'Murphy', 'tiffany42@example.net', '+33 (0)4 85 84 64 12', '2024-05-16', 'Femme', '1991-06-09'),
(547, 13, 29, 'Rhonda', 'Shaw', 'rousselrenee@example.org', '+33 2 52 63 53 93', '2015-09-03', 'Homme', '1963-11-17'),
(548, 9, 66, 'James', 'Bourgeois', 'stephaniemarshall@example.com', '02 44 04 55 71', '2020-10-23', 'Femme', '2001-05-02'),
(549, 16, 18, 'Susan', 'Picard', 'anthonyperez@example.org', '(317)353-6247x8520', '2019-07-11', 'Homme', '1998-09-15'),
(550, 19, 36, 'Capucine', 'Thomas', 'ogriffith@example.org', '+33 (0)4 93 56 29 87', '2007-07-04', 'Homme', '1975-12-07'),
(551, 16, 58, 'Maurice', 'Cooper', 'dyates@example.org', '0218731598', '2016-01-02', 'Homme', '1977-10-08'),
(552, 7, 78, 'Jules', 'Perrin', 'lteixeira@example.com', '+1-760-875-8857x637', '2015-01-09', 'Femme', '1982-10-09'),
(553, 19, 22, 'Juan', 'Kennedy', 'rene75@example.com', '03 88 37 30 63', '2023-09-04', 'Homme', '1997-12-03'),
(554, 20, 92, 'Marie', 'Nelson', 'graychristopher@example.com', '001-723-524-5873x1532', '2000-12-17', 'Femme', '1975-09-06'),
(555, 10, 21, 'Edward', 'Larson', 'emmanuellebertin@example.org', '230-392-6776x85391', '2022-05-18', 'Femme', '1993-01-15'),
(556, 9, 36, 'Luc', 'Lopez', 'campbellkimberly@example.org', '0388046019', '1994-11-02', 'Femme', '1972-11-15'),
(557, 11, 98, 'Melissa', 'Fleury', 'susan14@example.com', '+33 4 95 21 64 87', '2022-03-13', 'Femme', '1997-05-01'),
(558, 7, 56, 'Monique', 'Lopez', 'philipwong@example.net', '0466973412', '2014-02-20', 'Femme', '1972-11-30'),
(559, 12, 98, 'Daniel', 'Hoffman', 'marine11@example.net', '0389369711', '2021-07-25', 'Homme', '1999-09-10'),
(560, 5, 12, 'Norman', 'Hoareau', 'pierre02@example.net', '3138379580', '2024-04-01', 'Homme', '1970-01-06'),
(561, 2, 38, 'Andrée', 'Auger', 'wyattadam@example.net', '001-399-340-6063x6885', '2020-03-08', 'Femme', '2001-05-02'),
(562, 8, 12, 'Françoise', 'Hill', 'curtisdebbie@example.org', '0240261957', '2020-08-29', 'Homme', '2001-08-11'),
(563, 7, 43, 'Melissa', 'Santos', 'rbegue@example.net', '550-536-8950', '2008-02-17', 'Femme', '1986-03-10'),
(564, 11, 49, 'Matthew', 'Antoine', 'vrousset@example.org', '+33 (0)1 56 17 40 87', '2024-12-28', 'Femme', '2004-05-28'),
(565, 17, 40, 'Aimé', 'Godard', 'michaelrichardson@example.net', '(943)502-2059x8618', '2013-02-18', 'Femme', '1969-01-15'),
(566, 1, 83, 'Gabriel', 'Campbell', 'dmorrow@example.org', '+33 (0)1 30 24 94 76', '2020-10-21', 'Homme', '1994-10-08'),
(567, 5, 87, 'Hélène', 'Bailey', 'mrocher@example.net', '+33 1 78 64 85 32', '2022-01-06', 'Femme', '2002-05-30'),
(568, 13, 57, 'April', 'Rocher', 'eliseollivier@example.org', '(392)942-3082x367', '2024-06-14', 'Homme', '2002-11-09'),
(569, 14, 91, 'William', 'Meunier', 'brandywatkins@example.com', '+1-891-427-0857x33961', '2020-01-30', 'Femme', '1963-02-07'),
(570, 19, 21, 'Lucie', 'Oliver', 'gardnerterrance@example.org', '0149091861', '2015-03-20', 'Homme', '1992-09-08'),
(571, 18, 63, 'Harold', 'Carter', 'hribeiro@example.com', '+1-555-697-0513x21348', '2017-01-22', 'Femme', '1974-07-04'),
(572, 18, 37, 'Antoine', 'Harrison', 'ronaldperez@example.net', '(570)218-4088x611', '2022-11-25', 'Femme', '2001-01-11'),
(573, 20, 91, 'John', 'Hamon', 'daniellerey@example.org', '+33 2 98 44 70 07', '1997-02-06', 'Homme', '1960-05-21'),
(574, 3, 56, 'Denis', 'Hall', 'zbenard@example.net', '578.271.7430x487', '2020-03-14', 'Femme', '1992-02-12'),
(575, 2, 99, 'Larry', 'Vidal', 'lucie80@example.org', '0536485221', '1998-05-10', 'Femme', '1975-04-05'),
(576, 3, 84, 'Jérôme', 'Proctor', 'thomas59@example.com', '9012862866', '2020-07-24', 'Homme', '2001-05-06'),
(577, 11, 24, 'Chantal', 'Fernandes', 'julesmarion@example.net', '04 22 91 09 43', '2017-02-07', 'Homme', '1984-08-21'),
(578, 17, 98, 'Arthur', 'Arnaud', 'guillaume11@example.org', '(292)987-9082x420', '1980-07-23', 'Homme', '1961-02-18'),
(579, 7, 36, 'Erin', 'Fernandes', 'brandy46@example.org', '0177302393', '2012-02-27', 'Femme', '1978-05-28'),
(580, 7, 17, 'Noël', 'Thomas', 'melissawhite@example.net', '527.283.6331', '2008-03-22', 'Homme', '1987-09-07'),
(581, 12, 100, 'Lorraine', 'Yang', 'jamessparks@example.org', '07 84 79 22 87', '2001-07-07', 'Femme', '1969-05-05'),
(582, 13, 9, 'Billy', 'Carre', 'duhamelolivier@example.org', '+33 4 58 47 20 53', '2022-09-02', 'Homme', '1998-11-11'),
(583, 8, 41, 'Océane', 'Mary', 'flowersgary@example.org', '+1-674-658-0951x72077', '2024-09-10', 'Femme', '2004-11-25'),
(584, 10, 72, 'Karen', 'Thomas', 'charlesshea@example.org', '986-519-6495x34434', '1989-01-26', 'Homme', '1966-09-03'),
(585, 6, 37, 'Connie', 'Mathieu', 'cohenjeffrey@example.com', '465-297-8372', '2023-09-01', 'Femme', '1996-10-22'),
(586, 10, 92, 'Mathilde', 'Santana', 'williamsmith@example.com', '+33 (0)6 95 99 78 68', '2025-07-13', 'Femme', '1973-09-21'),
(587, 7, 74, 'Jessica', 'Riou', 'jenniferrobinson@example.org', '2537721448', '1990-02-08', 'Homme', '1960-08-15'),
(588, 17, 93, 'Noémi', 'Hamon', 'andreweverett@example.com', '+33 4 13 02 38 43', '2019-09-21', 'Homme', '1968-03-04'),
(589, 7, 97, 'Noémi', 'Campbell', 'fpham@example.org', '+33 (0)2 62 26 73 59', '2024-07-24', 'Homme', '1994-08-03'),
(590, 17, 25, 'Diane', 'Benard', 'deckersarah@example.net', '686-922-5929', '2025-04-09', 'Homme', '1967-05-17'),
(591, 14, 49, 'Brian', 'Anderson', 'zstewart@example.com', '398.492.1588', '2000-05-02', 'Femme', '1970-01-26'),
(592, 3, 66, 'Andrew', 'Garnier', 'philippe55@example.com', '04 74 51 22 13', '2007-12-05', 'Homme', '1970-07-05'),
(593, 10, 28, 'Jimmy', 'Miller', 'peltierdaniel@example.com', '464.533.1804x31952', '2014-04-16', 'Homme', '1995-01-11'),
(594, 2, 72, 'Adélaïde', 'Bailly', 'vasquezadam@example.com', '001-643-498-4995x38984', '2025-04-12', 'Femme', '2004-10-06'),
(595, 1, 27, 'Donna', 'Bodin', 'sabinerey@example.com', '476.589.3766', '2012-01-30', 'Homme', '1972-07-02'),
(596, 19, 22, 'Keith', 'Menard', 'jessewelch@example.com', '+33 5 65 58 41 08', '2001-09-13', 'Femme', '1979-02-14'),
(597, 13, 51, 'Mary', 'Le Goff', 'gabriel48@example.com', '977.893.0970x849', '2021-08-09', 'Femme', '2002-10-07'),
(598, 8, 76, 'Claudine', 'Legros', 'marcellegarcia@example.com', '0290793530', '2016-11-10', 'Homme', '1971-08-18'),
(599, 5, 16, 'Krista', 'Cousin', 'bbouvier@example.net', '+33 (0)2 50 23 58 21', '2021-07-19', 'Homme', '1988-07-16'),
(600, 19, 44, 'Betty', 'Ferrand', 'mrenault@example.com', '227-454-5198', '2014-12-29', 'Femme', '1979-02-24');


-- data managers


INSERT INTO managers (id, employe_id, niveau, date_promotion) VALUES
(1, 159, 'Middle', '2017-10-04'),
(2, 25, 'Senior', '2016-03-30'),
(3, 470, 'Junior', '2023-07-12'),
(4, 222, 'Senior', '2016-12-06'),
(5, 397, 'Middle', '2019-01-11'),
(6, 254, 'Junior', '2022-11-08'),
(7, 228, 'Junior', '2019-03-06'),
(8, 172, 'Senior', '2021-01-24'),
(9, 148, 'Middle', '2024-01-23'),
(10, 392, 'Senior', '2017-06-25'),
(11, 396, 'Senior', '2023-08-09'),
(12, 168, 'Middle', '2024-03-25'),
(13, 430, 'Junior', '2024-07-09'),
(14, 85, 'Middle', '2024-05-25'),
(15, 24, 'Senior', '2017-09-07'),
(16, 296, 'Middle', '2024-10-23'),
(17, 297, 'Senior', '2019-04-17'),
(18, 547, 'Senior', '2021-07-07'),
(19, 352, 'Senior', '2025-04-26'),
(20, 301, 'Junior', '2018-08-25'),
(21, 492, 'Senior', '2016-07-01'),
(22, 288, 'Junior', '2017-09-10'),
(23, 73, 'Junior', '2016-03-16'),
(24, 64, 'Junior', '2024-11-03'),
(25, 93, 'Senior', '2020-09-20'),
(26, 17, 'Junior', '2021-07-17'),
(27, 535, 'Junior', '2017-11-12'),
(28, 543, 'Senior', '2019-08-04'),
(29, 13, 'Junior', '2024-07-11'),
(30, 547, 'Junior', '2019-12-26'),
(31, 455, 'Middle', '2022-08-21'),
(32, 119, 'Junior', '2025-02-05'),
(33, 39, 'Junior', '2020-03-28'),
(34, 127, 'Middle', '2019-02-12'),
(35, 163, 'Senior', '2023-07-16'),
(36, 237, 'Junior', '2017-03-14'),
(37, 263, 'Junior', '2016-08-19'),
(38, 345, 'Junior', '2019-11-24'),
(39, 63, 'Middle', '2015-09-20'),
(40, 387, 'Middle', '2017-11-21'),
(41, 576, 'Middle', '2022-08-23'),
(42, 555, 'Junior', '2017-07-18'),
(43, 361, 'Senior', '2016-06-12'),
(44, 195, 'Junior', '2021-08-17'),
(45, 529, 'Middle', '2022-11-11'),
(46, 15, 'Senior', '2025-02-07'),
(47, 405, 'Senior', '2015-08-17'),
(48, 373, 'Junior', '2021-09-25'),
(49, 491, 'Senior', '2020-05-24'),
(50, 136, 'Senior', '2025-06-26'),
(51, 391, 'Senior', '2024-02-03'),
(52, 355, 'Senior', '2020-02-23'),
(53, 191, 'Middle', '2022-09-05'),
(54, 302, 'Junior', '2020-10-08'),
(55, 399, 'Junior', '2021-01-04'),
(56, 259, 'Middle', '2025-02-11'),
(57, 245, 'Middle', '2018-07-21'),
(58, 250, 'Senior', '2017-02-21'),
(59, 81, 'Middle', '2022-11-22'),
(60, 344, 'Senior', '2019-06-20'),
(61, 595, 'Junior', '2016-12-27'),
(62, 55, 'Middle', '2023-10-16'),
(63, 271, 'Senior', '2017-10-29'),
(64, 281, 'Senior', '2019-08-28'),
(65, 349, 'Junior', '2016-02-04'),
(66, 104, 'Junior', '2018-12-03'),
(67, 125, 'Junior', '2020-02-27'),
(68, 299, 'Senior', '2017-06-01'),
(69, 124, 'Middle', '2021-08-20'),
(70, 379, 'Junior', '2017-02-13'),
(71, 314, 'Senior', '2018-08-01'),
(72, 259, 'Junior', '2017-07-26'),
(73, 184, 'Middle', '2021-10-24'),
(74, 166, 'Junior', '2016-03-21'),
(75, 73, 'Middle', '2025-01-12'),
(76, 188, 'Senior', '2016-06-03'),
(77, 480, 'Senior', '2021-05-15'),
(78, 239, 'Senior', '2016-01-08'),
(79, 578, 'Middle', '2016-07-20'),
(80, 297, 'Senior', '2019-02-05');

-- data salairs
INSERT INTO salaires (id, employe_id, salaire_brut, salaire_net, prime, date) VALUES
(1, 361, 7322.98, 5344.4, 1744.68, '2021-10-06'),
(2, 138, 2035.63, 1545.0, 1850.38, '2025-01-26'),
(3, 450, 7605.43, 5268.14, 729.71, '2025-02-12'),
(4, 598, 6117.08, 3970.96, 956.14, '2023-09-28'),
(5, 328, 5309.71, 2197.62, 794.02, '2023-01-12'),
(6, 66, 6388.34, 3725.63, 707.74, '2023-06-29'),
(7, 275, 3524.33, 3202.27, 1140.64, '2023-02-09'),
(8, 91, 2783.83, 3230.45, 1947.55, '2024-09-06'),
(9, 454, 3347.66, 2493.56, 1791.39, '2025-07-19'),
(10, 243, 4132.66, 5586.05, 946.49, '2022-01-31'),
(11, 469, 6153.03, 4599.72, 1970.36, '2022-05-01'),
(12, 514, 3792.43, 1739.35, 1022.72, '2023-06-26'),
(13, 297, 2284.06, 2228.42, 1514.54, '2023-06-26'),
(14, 351, 2876.26, 2942.43, 1339.3, '2021-05-21'),
(15, 65, 7109.3, 2163.84, 363.32, '2023-01-16'),
(16, 66, 7911.02, 4579.45, 338.28, '2023-01-19'),
(17, 535, 4619.48, 4049.07, 1636.95, '2021-07-28'),
(18, 460, 3489.26, 1859.49, 1613.54, '2020-09-13'),
(19, 141, 4864.06, 3102.32, 839.66, '2025-03-01'),
(20, 442, 2556.16, 2319.89, 1941.82, '2022-06-03'),
(21, 39, 5030.43, 5302.64, 1332.72, '2021-06-24'),
(22, 520, 5296.76, 2010.06, 1228.85, '2021-06-07'),
(23, 195, 6192.23, 2999.23, 320.53, '2022-11-17'),
(24, 123, 4767.19, 3066.47, 661.59, '2025-05-08'),
(25, 167, 7863.18, 2799.48, 1185.94, '2022-10-26'),
(26, 470, 6268.14, 4477.19, 402.66, '2022-01-12'),
(27, 127, 2665.66, 5570.26, 1050.61, '2024-09-20'),
(28, 413, 4521.28, 1839.56, 1191.85, '2023-11-12'),
(29, 335, 7898.67, 3731.21, 648.3, '2024-02-27'),
(30, 315, 3858.9, 3186.99, 1053.28, '2025-06-21'),
(31, 286, 4989.45, 4827.94, 1671.52, '2020-10-15'),
(32, 149, 7072.98, 4726.68, 1092.95, '2025-04-30'),
(33, 75, 7137.37, 5305.37, 1854.14, '2025-04-05'),
(34, 485, 4251.66, 3480.32, 1633.76, '2022-02-18'),
(35, 173, 7259.17, 1922.83, 304.71, '2024-09-03'),
(36, 290, 7485.72, 4413.53, 928.22, '2022-09-18'),
(37, 246, 3680.07, 3679.59, 1776.53, '2024-11-09'),
(38, 219, 3102.14, 3482.18, 1878.8, '2024-03-05'),
(39, 136, 2120.66, 4882.2, 920.85, '2024-01-23'),
(40, 351, 6254.72, 1783.28, 700.23, '2022-05-19'),
(41, 461, 5879.48, 3483.96, 1148.34, '2024-02-19'),
(42, 187, 6623.97, 2603.59, 1947.48, '2021-12-09'),
(43, 252, 5390.32, 1618.68, 929.12, '2024-11-16'),
(44, 14, 5472.28, 5970.11, 435.35, '2021-11-02'),
(45, 181, 6772.85, 5558.97, 568.3, '2021-11-20'),
(46, 231, 7954.12, 5184.86, 421.3, '2023-11-26'),
(47, 267, 4529.15, 5069.5, 334.92, '2025-06-11'),
(48, 97, 5358.88, 1611.85, 1150.7, '2020-12-16'),
(49, 71, 2071.77, 1627.99, 1151.63, '2025-06-13'),
(50, 505, 5913.26, 4779.21, 909.51, '2022-11-09'),
(51, 570, 4706.32, 4810.15, 1990.26, '2024-06-16'),
(52, 511, 7141.13, 5310.68, 1133.55, '2024-06-13'),
(53, 314, 3495.02, 5605.56, 1890.9, '2020-12-23'),
(54, 259, 3009.36, 5306.12, 1429.78, '2024-10-07'),
(55, 470, 7570.75, 4489.02, 340.48, '2022-05-13'),
(56, 374, 7219.65, 3457.91, 1382.12, '2024-03-26'),
(57, 45, 4317.62, 3400.35, 1605.88, '2023-05-27'),
(58, 391, 7162.28, 4759.14, 1861.66, '2021-06-09'),
(59, 419, 6367.3, 5223.54, 1161.56, '2022-06-19'),
(60, 177, 6598.97, 4256.01, 769.16, '2021-09-23'),
(61, 437, 3833.91, 2831.55, 531.43, '2022-11-19'),
(62, 331, 4447.07, 4954.2, 1448.72, '2024-12-13'),
(63, 202, 7025.29, 2493.69, 1175.1, '2024-09-17'),
(64, 219, 7949.43, 2377.3, 675.89, '2021-08-21'),
(65, 332, 6943.27, 4024.66, 1148.28, '2025-06-11'),
(66, 435, 5329.78, 2060.22, 1792.52, '2022-02-23'),
(67, 288, 2427.9, 4850.63, 1718.93, '2020-10-31'),
(68, 280, 3273.08, 3844.88, 1981.21, '2021-11-12'),
(69, 92, 4293.92, 1878.53, 1614.2, '2025-06-27'),
(70, 584, 2850.38, 3768.64, 1222.6, '2023-09-27'),
(71, 492, 4669.08, 5192.39, 924.44, '2022-10-21'),
(72, 494, 6489.9, 3011.33, 457.91, '2023-05-03'),
(73, 357, 5103.79, 3117.18, 1708.43, '2025-04-29'),
(74, 381, 5202.5, 2258.04, 1605.15, '2023-02-21'),
(75, 193, 4649.78, 5558.6, 1776.97, '2020-09-05'),
(76, 266, 6682.09, 4749.57, 1537.29, '2023-06-10'),
(77, 454, 6125.81, 2746.35, 876.18, '2022-07-10'),
(78, 420, 6264.81, 5101.37, 552.26, '2022-08-02'),
(79, 237, 6246.16, 5772.48, 529.93, '2020-08-06'),
(80, 246, 7755.8, 1978.41, 653.94, '2023-02-17'),
(81, 56, 5744.8, 1631.53, 917.52, '2022-11-08'),
(82, 214, 3951.67, 4538.14, 934.81, '2025-07-05'),
(83, 143, 5090.85, 4929.67, 645.21, '2023-06-02'),
(84, 32, 3007.01, 3543.78, 1619.96, '2022-11-19'),
(85, 150, 3263.81, 2732.68, 1176.73, '2024-12-07'),
(86, 525, 4199.38, 3604.01, 1047.2, '2021-02-22'),
(87, 169, 7894.6, 2901.41, 1599.32, '2024-01-22'),
(88, 382, 6279.62, 4076.0, 599.28, '2022-01-11'),
(89, 137, 4993.89, 3119.91, 948.94, '2021-03-10'),
(90, 571, 4439.58, 3183.3, 627.67, '2021-05-06'),
(91, 345, 2390.59, 3264.34, 1033.2, '2025-04-15'),
(92, 589, 3183.57, 2613.61, 971.45, '2025-05-09'),
(93, 207, 3796.93, 5219.84, 1188.77, '2024-02-23'),
(94, 448, 2696.09, 5318.29, 1461.84, '2025-05-23'),
(95, 11, 6922.48, 3608.56, 984.48, '2023-03-22'),
(96, 55, 5082.75, 4918.11, 1762.73, '2024-06-29'),
(97, 244, 3594.43, 4804.73, 422.12, '2023-08-10'),
(98, 283, 2423.34, 3538.33, 1899.95, '2021-05-11'),
(99, 212, 5058.12, 4274.15, 1757.05, '2024-06-26'),
(100, 477, 7356.99, 2969.95, 478.0, '2022-10-05'),
(101, 474, 5555.33, 3310.64, 452.98, '2023-06-09'),
(102, 30, 2675.66, 3849.23, 465.52, '2024-07-23'),
(103, 269, 3852.89, 1863.32, 1310.77, '2023-12-13'),
(104, 180, 3404.56, 3155.82, 1544.15, '2023-11-06'),
(105, 357, 5902.17, 5365.48, 685.53, '2022-05-23'),
(106, 583, 7830.76, 5894.07, 332.5, '2020-12-02'),
(107, 247, 5773.4, 4147.77, 929.7, '2023-05-22'),
(108, 334, 2279.74, 2931.26, 301.54, '2022-03-20'),
(109, 157, 3631.29, 5923.23, 932.11, '2021-08-09'),
(110, 552, 3945.78, 3483.3, 1964.83, '2021-11-07'),
(111, 354, 5546.99, 3651.73, 553.18, '2023-12-31'),
(112, 218, 4981.47, 1569.22, 1321.53, '2024-10-31'),
(113, 146, 4744.34, 3005.88, 1765.72, '2023-05-29'),
(114, 449, 7706.72, 2144.84, 1565.28, '2022-04-25'),
(115, 345, 7740.03, 5728.1, 1329.62, '2022-07-04'),
(116, 287, 2263.22, 5419.64, 1225.02, '2023-02-11'),
(117, 158, 7782.59, 5579.71, 1407.97, '2022-10-31'),
(118, 212, 5868.15, 5251.63, 1881.33, '2022-05-28'),
(119, 189, 5684.57, 4407.63, 766.75, '2024-01-07'),
(120, 375, 7699.78, 3927.18, 1049.63, '2022-12-05'),
(121, 117, 7464.36, 3937.76, 441.27, '2025-01-05'),
(122, 324, 7672.04, 2991.15, 1437.78, '2021-09-29'),
(123, 59, 2431.54, 5333.18, 325.35, '2020-11-13'),
(124, 506, 5186.69, 4593.37, 970.66, '2021-09-20'),
(125, 314, 5559.74, 4457.53, 1814.04, '2024-02-12'),
(126, 92, 4246.08, 5344.56, 1509.95, '2024-07-07'),
(127, 588, 6758.74, 4038.8, 1943.02, '2020-10-03'),
(128, 110, 5279.83, 4642.52, 647.34, '2021-10-05'),
(129, 15, 3267.89, 2096.68, 1384.21, '2024-03-23'),
(130, 338, 3739.33, 2495.53, 1160.32, '2023-08-28'),
(131, 408, 3501.27, 3371.47, 861.24, '2021-09-21'),
(132, 65, 7691.95, 3106.89, 682.23, '2020-12-02'),
(133, 587, 2944.83, 4522.99, 827.84, '2021-12-22'),
(134, 521, 6556.53, 3313.9, 927.22, '2020-09-07'),
(135, 549, 6191.08, 3109.54, 1330.34, '2023-03-19'),
(136, 450, 2580.55, 4784.28, 1815.73, '2025-07-06'),
(137, 495, 7512.74, 5084.55, 1438.76, '2022-12-03'),
(138, 562, 4188.37, 2262.3, 741.24, '2020-10-08'),
(139, 405, 4483.5, 4939.28, 1066.3, '2023-07-21'),
(140, 580, 5851.58, 2247.01, 1909.36, '2021-09-26'),
(141, 369, 2639.06, 5353.13, 969.96, '2021-05-26'),
(142, 386, 3923.96, 4627.01, 1496.01, '2022-05-17'),
(143, 328, 4979.3, 4410.19, 1461.91, '2024-10-28'),
(144, 283, 7418.75, 5947.88, 656.58, '2023-07-02'),
(145, 154, 5474.79, 4091.37, 1678.06, '2021-07-31'),
(146, 496, 5464.22, 5087.78, 910.43, '2022-01-26'),
(147, 25, 5302.08, 1918.01, 1239.87, '2024-07-20'),
(148, 269, 3104.36, 2370.94, 1948.57, '2021-03-18'),
(149, 525, 6775.44, 3052.84, 616.05, '2022-06-30'),
(150, 239, 3450.36, 4474.63, 387.26, '2023-08-10'),
(151, 258, 5197.8, 4848.19, 1437.14, '2020-12-09'),
(152, 403, 3168.16, 2950.43, 1007.53, '2023-01-09'),
(153, 234, 4812.77, 1731.36, 918.11, '2022-05-26'),
(154, 508, 6432.09, 1827.09, 1870.33, '2025-04-04'),
(155, 536, 5413.93, 1638.36, 1593.83, '2024-05-10'),
(156, 319, 3079.38, 5583.88, 867.75, '2024-07-29'),
(157, 438, 4418.95, 4357.86, 1499.9, '2024-04-06'),
(158, 252, 5447.99, 4567.0, 758.48, '2021-04-11'),
(159, 18, 3553.17, 5068.23, 1114.87, '2025-04-15'),
(160, 182, 3940.65, 5990.48, 1943.93, '2024-12-31'),
(161, 318, 5623.99, 4921.53, 1099.33, '2020-10-26'),
(162, 38, 5282.33, 3830.54, 787.45, '2025-05-08'),
(163, 197, 2961.25, 3585.75, 648.4, '2022-05-09'),
(164, 491, 6120.23, 2862.9, 1774.06, '2024-12-13'),
(165, 451, 2479.35, 4232.92, 760.71, '2022-05-03'),
(166, 548, 6843.03, 3618.82, 534.03, '2025-03-06'),
(167, 417, 4637.48, 3508.82, 969.96, '2025-02-10'),
(168, 163, 4045.23, 2999.05, 895.48, '2023-02-24'),
(169, 144, 3237.9, 4044.46, 1415.78, '2021-06-02'),
(170, 290, 5712.23, 4310.2, 1005.7, '2025-06-09'),
(171, 479, 5518.46, 5316.31, 1097.79, '2022-08-15'),
(172, 41, 4689.75, 1829.98, 1847.08, '2024-02-11'),
(173, 454, 7550.53, 3699.68, 1506.85, '2024-02-02'),
(174, 412, 6626.83, 2015.7, 812.54, '2024-05-26'),
(175, 385, 3173.83, 2674.72, 1658.72, '2022-04-25'),
(176, 402, 4600.34, 2917.46, 1350.24, '2024-11-09'),
(177, 362, 6073.0, 5775.55, 1555.74, '2022-07-27'),
(178, 372, 5507.38, 4487.94, 1517.32, '2024-06-28'),
(179, 285, 2437.95, 4606.63, 1040.71, '2022-03-09'),
(180, 4, 7070.33, 4641.23, 494.1, '2022-05-03'),
(181, 49, 3244.31, 5269.43, 872.31, '2021-12-25'),
(182, 468, 6867.77, 4092.25, 1986.67, '2020-07-27'),
(183, 366, 3432.31, 5123.83, 1948.21, '2022-06-26'),
(184, 247, 6424.63, 4218.54, 606.54, '2025-01-31'),
(185, 307, 6286.67, 2276.42, 1547.32, '2022-09-21'),
(186, 189, 7892.73, 2914.15, 860.52, '2020-10-15'),
(187, 148, 7069.18, 3186.25, 746.78, '2024-11-21'),
(188, 582, 2479.22, 2552.45, 1699.33, '2023-02-15'),
(189, 139, 4306.7, 2464.14, 1458.88, '2025-01-08'),
(190, 323, 5808.87, 3550.8, 1119.52, '2024-05-23'),
(191, 322, 4604.63, 3782.14, 1188.79, '2020-11-08'),
(192, 5, 2997.15, 4650.87, 711.12, '2023-08-16'),
(193, 89, 5598.99, 3565.14, 1981.73, '2025-02-03'),
(194, 398, 6049.47, 4700.82, 1693.12, '2023-07-06'),
(195, 525, 4011.09, 5614.71, 1328.44, '2022-04-01'),
(196, 38, 2698.69, 5327.25, 767.47, '2023-07-23'),
(197, 514, 5100.11, 5144.84, 376.32, '2020-09-02'),
(198, 541, 4414.13, 5833.08, 1472.81, '2022-09-16'),
(199, 460, 5104.82, 5323.72, 725.54, '2021-03-08'),
(200, 383, 3615.71, 4841.58, 933.92, '2025-05-22'),
(201, 318, 6853.18, 3685.4, 1028.24, '2022-08-25'),
(202, 553, 4934.06, 5245.96, 309.64, '2023-01-04'),
(203, 98, 3193.0, 2174.39, 949.74, '2023-01-25'),
(204, 344, 5326.62, 2336.66, 1257.35, '2024-05-14'),
(205, 247, 5545.08, 5190.47, 820.88, '2022-06-06'),
(206, 216, 5870.46, 2720.87, 1173.81, '2024-01-18'),
(207, 305, 4898.73, 4658.4, 1436.91, '2024-02-20'),
(208, 13, 5638.51, 3201.56, 1561.45, '2024-03-18'),
(209, 450, 5210.67, 5682.21, 1112.76, '2024-01-25'),
(210, 187, 5501.94, 2137.4, 1297.49, '2021-02-04'),
(211, 164, 3985.71, 4657.23, 1336.52, '2025-07-11'),
(212, 232, 6809.55, 3085.93, 784.65, '2023-04-09'),
(213, 243, 7113.68, 4187.14, 1793.63, '2020-08-21'),
(214, 67, 4115.18, 5718.52, 432.41, '2022-07-31'),
(215, 332, 7357.01, 2577.14, 717.79, '2021-08-13'),
(216, 63, 7818.6, 4221.53, 860.93, '2023-07-31'),
(217, 458, 7000.96, 5943.96, 445.06, '2023-12-19'),
(218, 596, 5164.65, 3187.95, 1284.18, '2023-05-21'),
(219, 339, 2952.57, 3063.64, 1953.62, '2024-01-29'),
(220, 69, 2716.49, 2754.23, 411.92, '2025-07-14'),
(221, 510, 4210.05, 5358.76, 302.52, '2022-06-29'),
(222, 222, 3162.31, 2414.65, 1312.65, '2022-10-15'),
(223, 59, 5351.84, 5854.53, 446.06, '2025-06-03'),
(224, 497, 2087.47, 2337.63, 469.41, '2025-04-26'),
(225, 52, 7233.72, 4678.21, 1805.08, '2025-03-10'),
(226, 351, 5528.9, 3444.92, 666.25, '2024-04-29'),
(227, 112, 4269.37, 2245.76, 1228.44, '2023-12-14'),
(228, 158, 4232.3, 4497.22, 1299.63, '2021-02-09'),
(229, 228, 5365.2, 3641.46, 1015.19, '2023-05-25'),
(230, 477, 7174.39, 2780.83, 1423.38, '2024-05-09'),
(231, 516, 4496.45, 2481.25, 839.34, '2023-03-09'),
(232, 428, 2579.43, 2509.48, 514.7, '2025-02-11'),
(233, 460, 2733.35, 1613.56, 1635.21, '2023-11-24'),
(234, 193, 6318.3, 5171.9, 1653.26, '2023-11-09'),
(235, 519, 4800.38, 1769.37, 1472.06, '2020-10-12'),
(236, 86, 6508.72, 2068.85, 1026.74, '2020-12-31'),
(237, 558, 4797.91, 4175.86, 1533.97, '2021-08-13'),
(238, 481, 3984.7, 3881.09, 1911.12, '2023-01-08'),
(239, 61, 6554.94, 2962.84, 370.49, '2022-11-29'),
(240, 315, 3061.31, 4696.24, 1662.11, '2024-04-29'),
(241, 356, 5177.29, 4829.35, 1986.56, '2021-03-16'),
(242, 138, 3044.43, 3743.63, 419.42, '2024-12-24'),
(243, 360, 5604.21, 2942.41, 1005.2, '2023-09-06'),
(244, 94, 5987.13, 3682.38, 604.71, '2022-06-08'),
(245, 423, 4280.75, 4455.83, 1475.75, '2023-04-29'),
(246, 399, 5764.87, 1962.95, 747.42, '2025-01-13'),
(247, 305, 4257.18, 5762.78, 1543.28, '2022-08-07'),
(248, 421, 3489.74, 4670.58, 520.77, '2021-07-27'),
(249, 549, 2701.76, 2729.66, 465.47, '2024-05-20'),
(250, 296, 6907.13, 4119.43, 759.87, '2022-11-01'),
(251, 55, 3827.83, 4253.14, 1531.35, '2023-12-17'),
(252, 330, 7774.83, 2992.78, 1445.06, '2025-02-06'),
(253, 210, 7621.93, 3954.15, 546.81, '2020-11-15'),
(254, 265, 7573.24, 2635.72, 1357.23, '2023-03-13'),
(255, 555, 2601.43, 2071.13, 1444.31, '2021-07-13'),
(256, 546, 3560.99, 1625.34, 1223.3, '2023-09-18'),
(257, 516, 6426.08, 3199.53, 1485.47, '2022-02-19'),
(258, 100, 7009.98, 2256.13, 1515.59, '2023-02-04'),
(259, 516, 2925.05, 2810.86, 1265.1, '2020-11-14'),
(260, 66, 7507.62, 2089.7, 1919.2, '2023-03-16'),
(261, 505, 7962.07, 5974.89, 1930.01, '2021-10-11'),
(262, 359, 6625.66, 3960.83, 1142.78, '2022-12-24'),
(263, 395, 6033.07, 2138.58, 547.72, '2021-07-02'),
(264, 77, 5266.71, 1795.01, 1586.19, '2024-03-25'),
(265, 485, 7672.46, 4105.84, 1106.44, '2025-01-15'),
(266, 76, 6059.1, 5706.37, 1433.05, '2023-05-14'),
(267, 528, 5469.3, 3654.18, 1095.24, '2025-06-13'),
(268, 8, 3970.11, 2332.12, 1729.17, '2023-08-10'),
(269, 209, 4101.27, 5319.25, 638.67, '2024-02-07'),
(270, 88, 4698.93, 4934.17, 842.23, '2024-08-21'),
(271, 479, 5221.78, 1584.14, 1077.08, '2024-03-22'),
(272, 202, 4374.1, 5519.24, 872.29, '2024-01-02'),
(273, 52, 7174.8, 3405.89, 606.13, '2024-05-15'),
(274, 441, 4770.88, 5269.26, 558.3, '2021-03-23'),
(275, 382, 3859.09, 3099.93, 309.21, '2022-01-27'),
(276, 387, 2747.24, 3485.18, 1448.88, '2023-11-27'),
(277, 328, 6591.94, 4084.58, 356.09, '2024-05-30'),
(278, 422, 5534.93, 2600.35, 1183.62, '2022-03-05'),
(279, 594, 6222.63, 3181.53, 439.93, '2024-12-24'),
(280, 559, 4309.92, 2915.37, 498.27, '2024-01-20'),
(281, 434, 5817.8, 1995.51, 1472.24, '2022-01-25'),
(282, 176, 4897.03, 5579.13, 950.17, '2020-08-12'),
(283, 530, 5414.24, 3972.09, 1417.41, '2021-04-03'),
(284, 214, 5458.49, 2943.12, 1243.76, '2022-06-10'),
(285, 511, 7094.72, 5024.35, 1665.16, '2024-04-14'),
(286, 245, 3449.81, 3994.72, 899.7, '2020-08-07'),
(287, 356, 7006.75, 2162.77, 873.99, '2024-10-10'),
(288, 306, 6590.36, 5073.91, 302.13, '2022-02-14'),
(289, 17, 2135.36, 5332.7, 934.84, '2021-11-29'),
(290, 378, 3718.16, 3294.31, 574.6, '2024-11-18'),
(291, 250, 4692.65, 4566.13, 921.86, '2020-07-29'),
(292, 146, 6239.94, 2950.27, 330.33, '2025-02-15'),
(293, 456, 5578.73, 2854.26, 1369.76, '2021-10-03'),
(294, 339, 4673.2, 5962.9, 1943.09, '2023-08-04'),
(295, 452, 3560.93, 5194.98, 542.24, '2021-01-15'),
(296, 297, 2046.8, 3323.4, 1326.21, '2023-01-12'),
(297, 529, 2791.79, 1945.95, 313.72, '2024-08-20'),
(298, 540, 6705.39, 4948.34, 1710.7, '2020-07-28'),
(299, 348, 3821.64, 3248.2, 840.99, '2022-08-01'),
(300, 587, 7966.58, 2883.83, 403.78, '2024-04-15'),
(301, 319, 6122.19, 5259.41, 1205.23, '2024-09-05'),
(302, 159, 6012.52, 4462.32, 1141.1, '2024-12-19'),
(303, 345, 6035.68, 3273.11, 1895.1, '2021-11-19'),
(304, 319, 3476.56, 4364.42, 1211.82, '2021-04-11'),
(305, 182, 4945.94, 1578.25, 1641.15, '2024-05-13'),
(306, 186, 5340.9, 4189.22, 1050.64, '2025-04-19'),
(307, 562, 7740.27, 3927.1, 1575.42, '2021-12-14'),
(308, 384, 3434.09, 1778.5, 1816.11, '2025-07-09'),
(309, 384, 7119.99, 3530.69, 1003.51, '2025-06-25'),
(310, 482, 4270.5, 4475.57, 718.32, '2024-10-03'),
(311, 21, 5460.28, 2031.04, 573.0, '2023-01-23'),
(312, 513, 7576.11, 5960.39, 1811.29, '2022-07-31'),
(313, 452, 5728.37, 1593.09, 389.09, '2022-06-09'),
(314, 471, 4803.14, 1965.74, 1682.69, '2022-12-20'),
(315, 470, 4143.53, 5665.3, 641.1, '2022-08-02'),
(316, 13, 5266.48, 4095.37, 451.42, '2023-07-30'),
(317, 124, 4791.56, 3576.68, 1821.07, '2023-09-27'),
(318, 235, 3284.08, 3226.59, 1801.53, '2022-06-12'),
(319, 229, 6012.43, 5584.44, 992.1, '2020-10-22'),
(320, 245, 2401.49, 4410.65, 1123.71, '2023-02-05'),
(321, 4, 5882.98, 3622.3, 830.8, '2023-02-25'),
(322, 375, 4633.01, 2879.67, 916.11, '2021-12-05'),
(323, 589, 2690.15, 4465.78, 1510.8, '2022-06-01'),
(324, 393, 3534.81, 2504.4, 941.64, '2025-03-26'),
(325, 554, 4019.48, 5820.71, 822.52, '2023-10-16'),
(326, 57, 2072.62, 4527.93, 1994.33, '2022-07-20'),
(327, 393, 2716.56, 5991.56, 1832.71, '2024-12-02'),
(328, 108, 4764.98, 3079.81, 1065.55, '2024-10-02'),
(329, 230, 2959.4, 3440.27, 827.26, '2023-05-13'),
(330, 532, 6014.05, 4502.01, 460.71, '2021-09-24'),
(331, 234, 4744.96, 1867.3, 1465.54, '2021-02-11'),
(332, 177, 4487.0, 3291.08, 1219.41, '2022-06-27'),
(333, 345, 3647.51, 5440.32, 446.27, '2022-08-12'),
(334, 110, 6286.73, 1591.81, 670.1, '2021-08-21'),
(335, 553, 3841.82, 1912.18, 1637.09, '2022-05-15'),
(336, 129, 2179.95, 5405.29, 616.28, '2022-01-08'),
(337, 255, 7902.29, 4981.45, 534.05, '2024-05-27'),
(338, 534, 6029.59, 5675.04, 773.52, '2023-07-12'),
(339, 141, 3601.77, 5669.97, 778.65, '2021-01-23'),
(340, 336, 6569.17, 1935.35, 1906.11, '2021-03-12'),
(341, 183, 4038.8, 3692.7, 1993.31, '2025-07-03'),
(342, 35, 3378.59, 5038.34, 1318.21, '2024-06-17'),
(343, 259, 2418.59, 3064.77, 1714.52, '2024-07-25'),
(344, 196, 5694.04, 5767.11, 1731.05, '2022-09-28'),
(345, 278, 3221.68, 2091.04, 874.48, '2021-01-15'),
(346, 490, 2810.88, 4835.55, 1232.57, '2021-04-05'),
(347, 161, 7140.91, 5834.32, 1720.25, '2022-08-06'),
(348, 591, 6891.78, 4951.02, 1023.55, '2023-12-11'),
(349, 462, 5243.17, 2341.15, 1380.1, '2021-05-04'),
(350, 43, 4980.01, 2573.27, 1086.12, '2024-04-04'),
(351, 515, 3402.88, 5490.55, 1511.38, '2022-04-16'),
(352, 535, 6432.11, 1875.89, 599.92, '2021-10-30'),
(353, 554, 4091.05, 4181.05, 1121.52, '2025-04-12'),
(354, 265, 4859.53, 3618.37, 1246.94, '2021-10-09'),
(355, 231, 7473.07, 3364.17, 1560.3, '2023-04-17'),
(356, 397, 7804.39, 4717.14, 1803.41, '2024-04-01'),
(357, 482, 5181.23, 2233.49, 826.51, '2023-12-18'),
(358, 334, 5883.75, 4389.3, 821.41, '2024-06-15'),
(359, 118, 7530.49, 2248.85, 1531.73, '2021-10-19'),
(360, 193, 4397.48, 3795.02, 1511.15, '2021-07-17'),
(361, 209, 4314.75, 5238.04, 701.0, '2021-11-14'),
(362, 68, 5521.41, 3325.76, 1512.38, '2021-01-28'),
(363, 126, 6811.16, 5282.0, 1965.34, '2020-10-03'),
(364, 355, 7752.91, 3761.74, 863.65, '2023-11-06'),
(365, 294, 4388.71, 3134.92, 1984.66, '2024-02-18'),
(366, 528, 6726.98, 4339.55, 1083.01, '2021-11-13'),
(367, 133, 5484.67, 3577.39, 1317.45, '2025-02-16'),
(368, 551, 4262.82, 5309.2, 664.89, '2024-07-31'),
(369, 276, 7279.49, 2036.6, 817.28, '2023-08-03'),
(370, 588, 7505.5, 5081.87, 1419.08, '2022-10-15'),
(371, 261, 6558.51, 3250.08, 344.16, '2024-11-04'),
(372, 520, 2876.45, 1622.93, 1128.65, '2023-02-22'),
(373, 146, 5550.43, 3849.87, 1711.7, '2024-06-22'),
(374, 545, 2386.32, 5904.16, 861.76, '2024-09-25'),
(375, 416, 4418.07, 1831.38, 684.36, '2020-12-31'),
(376, 584, 4525.59, 4568.68, 605.08, '2021-06-06'),
(377, 364, 4262.22, 4268.82, 1090.91, '2021-12-16'),
(378, 344, 3893.67, 4103.81, 829.37, '2021-06-28'),
(379, 495, 4365.3, 5600.46, 690.92, '2025-03-31'),
(380, 179, 5541.65, 5662.62, 1667.89, '2024-08-18'),
(381, 387, 2832.65, 5973.28, 424.95, '2024-10-02'),
(382, 271, 2589.64, 3565.63, 1861.87, '2021-07-29'),
(383, 356, 5514.85, 5332.9, 1782.32, '2024-09-04'),
(384, 144, 7150.84, 2065.63, 1042.41, '2021-01-20'),
(385, 168, 6499.54, 4373.64, 1236.02, '2023-05-29'),
(386, 232, 7090.74, 4276.56, 1340.58, '2021-08-15'),
(387, 146, 3850.36, 2592.19, 872.94, '2021-10-28'),
(388, 313, 3667.37, 5155.88, 834.0, '2025-02-10'),
(389, 204, 6396.26, 5880.49, 1980.47, '2021-01-15'),
(390, 346, 6303.24, 2357.15, 516.53, '2023-04-08'),
(391, 325, 7890.08, 4186.29, 539.63, '2021-05-20'),
(392, 166, 3742.43, 2902.59, 1314.11, '2024-04-27'),
(393, 136, 3568.45, 5175.54, 1818.24, '2022-05-16'),
(394, 302, 3610.34, 4898.3, 779.95, '2022-11-03'),
(395, 500, 3509.02, 3550.35, 974.15, '2023-11-07'),
(396, 506, 7230.2, 5217.11, 1713.71, '2023-03-13'),
(397, 573, 6786.59, 5737.79, 569.07, '2023-04-13'),
(398, 552, 6411.79, 4250.04, 1102.18, '2023-06-04'),
(399, 437, 4941.86, 3823.42, 1162.88, '2024-05-12'),
(400, 262, 6448.54, 2757.29, 1629.17, '2021-05-14'),
(401, 21, 3909.18, 4098.43, 609.4, '2022-06-28'),
(402, 522, 4575.83, 3303.89, 1629.33, '2024-09-29'),
(403, 289, 7610.04, 2408.44, 1721.71, '2024-11-20'),
(404, 199, 4704.82, 4212.15, 1043.83, '2021-10-18'),
(405, 136, 4122.86, 5807.3, 928.04, '2024-11-26'),
(406, 230, 6483.92, 3804.39, 696.58, '2024-02-16'),
(407, 362, 7493.14, 3558.98, 705.28, '2024-08-13'),
(408, 164, 5699.23, 4694.97, 1280.79, '2021-12-08'),
(409, 236, 3678.41, 1936.32, 1112.9, '2024-07-25'),
(410, 508, 4426.55, 5645.67, 1947.45, '2022-01-12'),
(411, 157, 3593.22, 4718.63, 984.05, '2025-02-26'),
(412, 592, 2212.35, 5180.12, 1631.38, '2021-08-28'),
(413, 113, 5665.95, 2694.82, 1986.61, '2025-02-06'),
(414, 392, 4390.61, 3919.36, 1181.59, '2021-12-13'),
(415, 528, 2079.57, 4560.42, 973.15, '2021-03-12'),
(416, 381, 5438.99, 3345.46, 1534.68, '2022-02-18'),
(417, 399, 6048.59, 3383.28, 1177.69, '2022-07-19'),
(418, 411, 4048.56, 2794.89, 1584.55, '2023-03-27'),
(419, 392, 4616.13, 2231.47, 1612.74, '2024-02-26'),
(420, 378, 4831.77, 5620.39, 1720.69, '2025-07-14'),
(421, 352, 6456.76, 4748.9, 1646.72, '2020-12-25'),
(422, 451, 7605.36, 5395.62, 1633.61, '2025-07-13'),
(423, 397, 2758.17, 3760.46, 841.68, '2020-11-05'),
(424, 342, 6238.54, 3204.5, 1160.57, '2021-03-13'),
(425, 599, 6740.38, 2394.69, 1768.05, '2021-01-13'),
(426, 403, 5577.35, 4916.64, 1616.14, '2021-01-21'),
(427, 44, 2262.5, 2504.0, 1266.78, '2023-04-24'),
(428, 457, 7041.32, 5946.23, 691.12, '2024-09-07'),
(429, 215, 2772.72, 2637.87, 949.71, '2022-08-17'),
(430, 344, 3974.42, 4781.63, 1727.22, '2021-10-31'),
(431, 285, 4730.97, 4207.46, 1942.76, '2025-03-10'),
(432, 146, 5519.72, 5130.22, 1371.76, '2025-04-30'),
(433, 436, 6580.9, 5880.54, 1123.11, '2020-08-18'),
(434, 336, 5328.63, 2369.22, 1887.51, '2022-11-01'),
(435, 551, 7740.88, 2711.53, 1650.07, '2023-09-06'),
(436, 107, 4923.28, 5656.73, 1001.8, '2020-09-15'),
(437, 112, 6237.13, 3848.71, 1931.34, '2020-08-14'),
(438, 122, 4679.12, 2811.68, 447.88, '2024-01-22'),
(439, 410, 3949.5, 2600.13, 1839.36, '2024-07-13'),
(440, 218, 3658.33, 5813.95, 1575.21, '2023-08-25'),
(441, 127, 3791.08, 5154.88, 562.08, '2020-11-09'),
(442, 360, 4248.02, 2523.48, 420.45, '2020-12-18'),
(443, 193, 4799.11, 5798.41, 391.51, '2022-03-25'),
(444, 122, 4344.12, 3397.85, 1318.06, '2024-10-21'),
(445, 196, 3699.64, 2470.67, 934.32, '2021-02-18'),
(446, 263, 7750.17, 5678.76, 1741.57, '2021-12-15'),
(447, 369, 7028.23, 4179.65, 399.86, '2024-08-18'),
(448, 73, 2836.05, 2692.56, 920.23, '2021-10-18'),
(449, 420, 2138.39, 4255.86, 824.02, '2024-04-13'),
(450, 501, 4776.14, 5493.45, 356.17, '2021-04-15'),
(451, 173, 4032.72, 1719.12, 1934.5, '2022-04-02'),
(452, 376, 5186.27, 2367.45, 556.03, '2025-01-31'),
(453, 329, 7457.83, 5263.9, 1890.56, '2023-09-28'),
(454, 4, 2162.98, 2893.27, 1928.2, '2021-07-27'),
(455, 89, 6216.82, 4256.54, 764.48, '2021-07-13'),
(456, 245, 3352.41, 5173.09, 1854.27, '2021-12-27'),
(457, 276, 4622.78, 2837.66, 1950.66, '2021-02-15'),
(458, 251, 2383.16, 4256.89, 1847.9, '2024-03-31'),
(459, 10, 4078.66, 2982.38, 409.26, '2022-09-24'),
(460, 316, 3769.59, 4169.89, 1322.19, '2021-06-15'),
(461, 509, 2468.79, 2465.49, 381.85, '2022-06-05'),
(462, 463, 5998.02, 4603.72, 1432.34, '2025-05-30'),
(463, 575, 7773.05, 5047.02, 1289.84, '2024-05-28'),
(464, 578, 2007.85, 1749.26, 1053.11, '2021-05-02'),
(465, 362, 6657.48, 5301.37, 563.99, '2023-11-19'),
(466, 112, 4176.45, 1573.96, 1662.58, '2021-07-29'),
(467, 552, 7309.27, 4636.46, 1465.16, '2020-10-28'),
(468, 331, 6535.55, 5711.22, 1498.16, '2023-07-10'),
(469, 87, 7303.11, 5211.65, 1112.3, '2024-05-20'),
(470, 350, 7677.65, 1665.04, 382.2, '2023-06-25'),
(471, 132, 4728.81, 2552.23, 534.7, '2022-12-31'),
(472, 521, 6024.18, 5971.54, 1850.13, '2022-12-30'),
(473, 64, 3514.78, 4367.07, 488.25, '2023-09-22'),
(474, 352, 2131.96, 5631.72, 942.41, '2024-08-22'),
(475, 310, 5572.46, 4676.91, 1118.65, '2022-04-16'),
(476, 244, 4865.22, 3840.72, 1227.52, '2022-09-16'),
(477, 128, 5896.18, 5836.18, 1442.62, '2024-04-19'),
(478, 359, 3312.64, 3267.85, 901.62, '2024-06-03'),
(479, 320, 7631.94, 1719.4, 724.24, '2023-06-23'),
(480, 173, 3987.49, 2764.51, 1379.27, '2023-06-04'),
(481, 585, 4450.74, 1582.77, 595.46, '2022-04-10'),
(482, 241, 6354.01, 5944.81, 1675.85, '2023-07-28'),
(483, 377, 7833.38, 2145.47, 1868.76, '2023-07-29'),
(484, 179, 5288.41, 3964.05, 930.21, '2025-05-27'),
(485, 267, 6724.89, 5812.88, 1700.87, '2020-11-26'),
(486, 468, 4178.78, 4782.8, 1802.91, '2023-06-03'),
(487, 179, 6092.04, 4936.19, 352.84, '2021-07-28'),
(488, 333, 6995.88, 2424.45, 1793.56, '2024-10-22'),
(489, 43, 4830.71, 1994.33, 642.06, '2021-05-08'),
(490, 506, 3550.53, 2564.78, 691.4, '2025-01-03'),
(491, 370, 2908.7, 3182.66, 1247.49, '2022-04-28'),
(492, 316, 2315.49, 2995.93, 398.09, '2023-06-14'),
(493, 479, 7236.16, 4175.9, 1772.93, '2025-01-19'),
(494, 221, 3548.06, 5962.44, 569.67, '2023-02-13'),
(495, 91, 6976.67, 1596.31, 504.61, '2023-05-25'),
(496, 291, 5234.12, 5898.43, 962.44, '2020-11-01'),
(497, 212, 4757.64, 3694.08, 1863.73, '2020-11-26'),
(498, 323, 6338.56, 5067.87, 943.26, '2022-04-13'),
(499, 413, 7257.82, 3773.24, 1321.46, '2025-07-01'),
(500, 95, 4402.67, 5351.67, 376.09, '2022-08-28');

-- data abscences
INSERT INTO absences (id, employe_id, type, date_debut, duree_jours, motif) VALUES
(1, 108, 'Maladie', '2022-09-05', 22, 'Space upon.'),
(2, 400, 'Sans solde', '2022-08-16', 13, 'Chat.'),
(3, 376, 'Sans solde', '2022-09-28', 2, 'Couche sujet.'),
(4, 399, 'Congé', '2025-04-30', 8, 'Dangereux trente.'),
(5, 97, 'Sans solde', '2024-02-26', 19, 'Six abri.'),
(6, 195, 'Congé', '2024-09-20', 11, 'Order.'),
(7, 70, 'Sans solde', '2025-01-02', 24, 'Just organization.'),
(8, 60, 'Sans solde', '2023-04-23', 6, 'Apparaître certes.'),
(9, 195, 'Accident', '2024-04-19', 19, 'D''Abord.'),
(10, 229, 'Maladie', '2025-07-11', 15, 'Return career.'),
(11, 260, 'Maladie', '2022-07-20', 15, 'Risquer loi.'),
(12, 442, 'Congé', '2024-12-27', 21, 'Engager.'),
(13, 270, 'Sans solde', '2025-03-06', 16, 'Terre résistance.'),
(14, 228, 'Sans solde', '2025-05-12', 1, 'Body responsibility.'),
(15, 551, 'Congé', '2024-10-31', 24, 'Réclamer entraîner.'),
(16, 87, 'Sans solde', '2024-12-11', 24, 'Paysan rang.'),
(17, 21, 'Maladie', '2023-05-25', 12, 'Newspaper may.'),
(18, 479, 'Maladie', '2022-08-19', 13, 'Argue.'),
(19, 403, 'Sans solde', '2024-02-01', 18, 'Option avoid.'),
(20, 66, 'Sans solde', '2024-10-05', 12, 'Ci.'),
(21, 550, 'Accident', '2023-08-20', 29, 'Cacher.'),
(22, 464, 'Accident', '2024-07-09', 4, 'Étude.'),
(23, 395, 'Maladie', '2024-07-21', 24, 'Perform billion.'),
(24, 262, 'Sans solde', '2024-08-03', 4, 'Établir.'),
(25, 295, 'Maladie', '2023-09-18', 12, 'Tax.'),
(26, 418, 'Congé', '2025-07-07', 25, 'Signifier.'),
(27, 545, 'Sans solde', '2022-09-08', 11, 'Cinq dernier.'),
(28, 465, 'Congé', '2024-06-16', 12, 'Seigneur.'),
(29, 73, 'Maladie', '2023-06-05', 9, 'Jeu.'),
(30, 316, 'Sans solde', '2024-01-31', 26, 'Partie.'),
(31, 70, 'Maladie', '2023-09-28', 21, 'Forward business.'),
(32, 229, 'Sans solde', '2025-03-18', 12, 'Around traditional.'),
(33, 117, 'Maladie', '2023-02-07', 4, 'Environment.'),
(34, 151, 'Accident', '2023-07-23', 7, 'Fort choisir.'),
(35, 35, 'Maladie', '2024-03-29', 11, 'Music.'),
(36, 297, 'Congé', '2024-03-11', 29, 'Glass.'),
(37, 366, 'Congé', '2023-06-25', 25, 'Blanc paysan.'),
(38, 256, 'Sans solde', '2023-05-15', 2, 'Dog compare.'),
(39, 131, 'Sans solde', '2025-07-01', 3, 'Mine repas.'),
(40, 112, 'Sans solde', '2022-12-07', 24, 'Popular.'),
(41, 297, 'Accident', '2022-09-16', 23, 'Ago.'),
(42, 545, 'Congé', '2023-12-16', 9, 'Campaign minute.'),
(43, 455, 'Sans solde', '2023-03-11', 5, 'Effort.'),
(44, 289, 'Congé', '2023-10-09', 21, 'Subject.'),
(45, 535, 'Sans solde', '2022-11-25', 13, 'Allumer peine.'),
(46, 15, 'Congé', '2024-03-10', 28, 'Sombre histoire.'),
(47, 282, 'Maladie', '2022-11-01', 4, 'Green.'),
(48, 131, 'Congé', '2024-06-22', 25, 'Factor compare.'),
(49, 355, 'Congé', '2025-04-30', 12, 'Considérer.'),
(50, 152, 'Congé', '2025-01-04', 16, 'Détacher mal.'),
(51, 123, 'Maladie', '2024-03-16', 8, 'Inspirer grâce.'),
(52, 565, 'Sans solde', '2024-10-30', 19, 'Noire partir.'),
(53, 370, 'Congé', '2024-11-06', 7, 'Chemin.'),
(54, 536, 'Accident', '2023-09-08', 21, 'Generation box.'),
(55, 15, 'Sans solde', '2023-10-24', 21, 'Violence tache.'),
(56, 577, 'Sans solde', '2024-05-02', 9, 'Présent.'),
(57, 192, 'Sans solde', '2023-12-08', 25, 'Atteindre femme.'),
(58, 404, 'Accident', '2025-06-17', 23, 'Distance près.'),
(59, 235, 'Sans solde', '2023-03-06', 11, 'Article tache.'),
(60, 413, 'Sans solde', '2022-08-18', 1, 'Immobile.'),
(61, 591, 'Maladie', '2023-12-03', 19, 'Derrière montrer.'),
(62, 292, 'Sans solde', '2025-05-30', 22, 'Tv.'),
(63, 438, 'Congé', '2022-09-23', 15, 'Delà pénétrer.'),
(64, 56, 'Sans solde', '2023-12-16', 19, 'Pull.'),
(65, 90, 'Accident', '2022-09-09', 6, 'Mettre.'),
(66, 258, 'Sans solde', '2024-06-14', 3, 'Militaire point.'),
(67, 569, 'Congé', '2024-10-20', 2, 'Imagine.'),
(68, 151, 'Maladie', '2023-12-05', 7, 'Dernier lire.'),
(69, 225, 'Accident', '2024-05-24', 15, 'Dont rassurer.'),
(70, 555, 'Maladie', '2024-09-18', 22, 'Although near.'),
(71, 438, 'Maladie', '2023-01-28', 21, 'Troisième vue.'),
(72, 526, 'Sans solde', '2024-06-26', 14, 'Then.'),
(73, 221, 'Sans solde', '2024-12-28', 23, 'Camera yes.'),
(74, 454, 'Congé', '2022-11-28', 26, 'Étudier mémoire.'),
(75, 129, 'Accident', '2023-01-30', 21, 'Own.'),
(76, 266, 'Sans solde', '2025-06-05', 10, 'Puis fait.'),
(77, 106, 'Maladie', '2024-03-29', 10, 'Open subject.'),
(78, 473, 'Maladie', '2024-07-22', 20, 'Special visit.'),
(79, 302, 'Accident', '2025-05-12', 24, 'Ago reduce.'),
(80, 47, 'Accident', '2025-02-06', 5, 'Premier.'),
(81, 331, 'Congé', '2025-01-14', 9, 'Service.'),
(82, 557, 'Maladie', '2024-11-22', 19, 'Size tonight.'),
(83, 568, 'Accident', '2023-04-26', 5, 'Visit.'),
(84, 504, 'Congé', '2024-01-23', 11, 'Tombe cheval.'),
(85, 272, 'Sans solde', '2023-09-17', 26, 'Reveal central.'),
(86, 331, 'Maladie', '2025-03-15', 8, 'Any.'),
(87, 366, 'Sans solde', '2022-09-25', 6, 'Run.'),
(88, 301, 'Congé', '2022-07-29', 15, 'Dépasser aller.'),
(89, 595, 'Sans solde', '2022-11-25', 16, 'Côté.'),
(90, 458, 'Maladie', '2025-03-15', 2, 'Jeunesse pour.'),
(91, 68, 'Maladie', '2024-06-23', 23, 'Sûr.'),
(92, 583, 'Accident', '2023-06-11', 9, 'Serve.'),
(93, 41, 'Accident', '2023-11-24', 15, 'Partout douleur.'),
(94, 11, 'Accident', '2023-12-12', 27, 'Accord.'),
(95, 277, 'Maladie', '2023-06-05', 19, 'Move girl.'),
(96, 233, 'Accident', '2023-12-05', 19, 'Focus partner.'),
(97, 537, 'Sans solde', '2022-12-22', 12, 'Donner ressembler.'),
(98, 370, 'Congé', '2022-09-19', 5, 'Air.'),
(99, 190, 'Accident', '2025-06-25', 27, 'Defense support.'),
(100, 484, 'Congé', '2023-01-11', 30, 'Nor.'),
(101, 334, 'Accident', '2023-12-08', 7, 'Doucement gris.'),
(102, 447, 'Congé', '2022-11-25', 10, 'Puissance réalité.'),
(103, 563, 'Congé', '2023-12-23', 9, 'Discussion.'),
(104, 580, 'Sans solde', '2023-02-08', 7, 'North.'),
(105, 505, 'Sans solde', '2023-04-21', 15, 'Say.'),
(106, 326, 'Congé', '2024-02-27', 15, 'Want.'),
(107, 531, 'Congé', '2023-12-27', 9, 'Suggest American.'),
(108, 582, 'Congé', '2023-04-07', 24, 'Provide.'),
(109, 389, 'Sans solde', '2023-12-10', 7, 'Énorme.'),
(110, 45, 'Sans solde', '2023-07-18', 22, 'Poche.'),
(111, 66, 'Sans solde', '2025-07-11', 20, 'Mother off.'),
(112, 32, 'Congé', '2022-08-24', 13, 'Both while.'),
(113, 204, 'Sans solde', '2023-12-31', 22, 'Capital.'),
(114, 223, 'Congé', '2024-03-18', 21, 'Fumée.'),
(115, 72, 'Maladie', '2024-11-19', 18, 'Indeed matter.'),
(116, 148, 'Congé', '2024-01-05', 13, 'De.'),
(117, 470, 'Maladie', '2024-09-08', 30, 'Huit.'),
(118, 359, 'Maladie', '2024-07-02', 19, 'Watch than.'),
(119, 475, 'Sans solde', '2024-12-24', 3, 'Deep.'),
(120, 91, 'Sans solde', '2024-09-01', 5, 'Renoncer.'),
(121, 397, 'Accident', '2023-05-12', 1, 'Etc carte.'),
(122, 259, 'Maladie', '2023-02-24', 27, 'Mien public.'),
(123, 505, 'Accident', '2025-02-01', 12, 'Profond environ.'),
(124, 543, 'Congé', '2025-02-26', 23, 'Career.'),
(125, 144, 'Sans solde', '2024-06-18', 27, 'Sign.'),
(126, 407, 'Sans solde', '2024-02-29', 16, 'Collection.'),
(127, 383, 'Accident', '2023-07-08', 14, 'Puissance temps.'),
(128, 300, 'Congé', '2024-10-02', 30, 'Late accept.'),
(129, 535, 'Sans solde', '2024-05-30', 16, 'Way.'),
(130, 324, 'Sans solde', '2022-10-31', 25, 'Qui sérieux.'),
(131, 155, 'Accident', '2022-12-29', 28, 'Me.'),
(132, 395, 'Maladie', '2023-09-11', 9, 'Behavior.'),
(133, 238, 'Maladie', '2024-05-27', 28, 'Pleurer.'),
(134, 460, 'Sans solde', '2025-02-01', 30, 'Apparence.'),
(135, 452, 'Accident', '2025-06-25', 20, 'Daughter.'),
(136, 511, 'Maladie', '2022-09-04', 11, 'Position figure.'),
(137, 171, 'Maladie', '2022-11-30', 16, 'Whether.'),
(138, 407, 'Sans solde', '2025-07-09', 18, 'Renoncer te.'),
(139, 186, 'Sans solde', '2024-12-25', 15, 'Deal relationship.'),
(140, 449, 'Accident', '2023-03-02', 6, 'Certes.'),
(141, 599, 'Maladie', '2025-05-18', 19, 'Little.'),
(142, 210, 'Sans solde', '2023-03-12', 14, 'Foi.'),
(143, 371, 'Congé', '2024-08-14', 15, 'Ever.'),
(144, 419, 'Accident', '2024-09-08', 5, 'Owner modern.'),
(145, 139, 'Accident', '2024-01-31', 20, 'Forget appear.'),
(146, 587, 'Maladie', '2023-01-05', 19, 'Contenir.'),
(147, 231, 'Accident', '2023-12-28', 6, 'Simply.'),
(148, 293, 'Sans solde', '2024-11-13', 22, 'Perdre bout.'),
(149, 239, 'Congé', '2022-12-07', 14, 'Seek everyone.'),
(150, 1, 'Congé', '2023-05-27', 24, 'All authority.'),
(151, 286, 'Maladie', '2023-04-24', 28, 'Odeur.'),
(152, 570, 'Congé', '2023-06-04', 20, 'Claim.'),
(153, 432, 'Congé', '2024-03-07', 15, 'Tempête voyage.'),
(154, 353, 'Accident', '2025-05-02', 12, 'East.'),
(155, 45, 'Maladie', '2024-09-16', 16, 'See.'),
(156, 400, 'Congé', '2022-10-30', 27, 'Militaire seul.'),
(157, 241, 'Accident', '2024-10-25', 24, 'Within.'),
(158, 222, 'Maladie', '2023-06-12', 2, 'Nouveau forme.'),
(159, 379, 'Maladie', '2022-08-08', 24, 'Art.'),
(160, 241, 'Accident', '2025-01-13', 3, 'Theory.'),
(161, 592, 'Sans solde', '2023-10-03', 30, 'Éclairer.'),
(162, 308, 'Sans solde', '2022-08-21', 6, 'Those.'),
(163, 151, 'Accident', '2023-08-03', 27, 'Focus move.'),
(164, 563, 'Congé', '2025-02-22', 30, 'Commercial.'),
(165, 106, 'Maladie', '2024-12-02', 13, 'Présent matière.'),
(166, 42, 'Maladie', '2025-06-02', 22, 'Parent.'),
(167, 422, 'Maladie', '2024-11-19', 5, 'Oublier escalier.'),
(168, 326, 'Congé', '2024-06-10', 27, 'Paysage céder.'),
(169, 564, 'Maladie', '2024-05-30', 25, 'Poésie.'),
(170, 361, 'Maladie', '2024-02-24', 9, 'Place ten.'),
(171, 84, 'Maladie', '2023-03-11', 2, 'Begin last.'),
(172, 418, 'Accident', '2023-10-18', 7, 'Point street.'),
(173, 24, 'Maladie', '2024-05-30', 14, 'Vol animal.'),
(174, 302, 'Maladie', '2022-08-02', 24, 'Chasser indiquer.'),
(175, 465, 'Accident', '2023-04-23', 13, 'Nerveux.'),
(176, 37, 'Maladie', '2023-11-20', 28, 'Reveal.'),
(177, 340, 'Accident', '2024-03-19', 14, 'Ombre secret.'),
(178, 162, 'Maladie', '2023-01-06', 9, 'Examiner.'),
(179, 453, 'Maladie', '2023-12-17', 4, 'Hit too.'),
(180, 279, 'Accident', '2023-03-12', 24, 'Tuer.'),
(181, 572, 'Congé', '2025-04-16', 7, 'Couper toujours.'),
(182, 462, 'Congé', '2023-07-01', 5, 'Approach tell.'),
(183, 115, 'Maladie', '2025-01-31', 7, 'Étranger soit.'),
(184, 84, 'Sans solde', '2024-03-05', 24, 'Feeling site.'),
(185, 199, 'Maladie', '2023-04-12', 3, 'Marché obtenir.'),
(186, 49, 'Sans solde', '2024-07-19', 17, 'Certainly data.'),
(187, 167, 'Accident', '2022-08-05', 15, 'Federal.'),
(188, 589, 'Maladie', '2022-08-28', 10, 'Development level.'),
(189, 579, 'Sans solde', '2023-06-10', 6, 'Apply kitchen.'),
(190, 92, 'Accident', '2024-04-30', 9, 'Apply.'),
(191, 177, 'Congé', '2024-03-06', 5, 'Body.'),
(192, 282, 'Congé', '2024-01-07', 1, 'Commander.'),
(193, 132, 'Accident', '2023-06-25', 18, 'Pièce.'),
(194, 540, 'Congé', '2024-08-21', 23, 'North nation.'),
(195, 218, 'Congé', '2024-02-26', 1, 'Banc couper.'),
(196, 229, 'Accident', '2022-11-16', 18, 'Recognize stuff.'),
(197, 31, 'Accident', '2025-03-27', 17, 'Nord.'),
(198, 345, 'Sans solde', '2024-06-04', 11, 'Seulement.'),
(199, 141, 'Maladie', '2025-03-29', 1, 'Field attorney.'),
(200, 333, 'Sans solde', '2023-08-28', 15, 'Yourself.');

-- data promotions
INSERT INTO promotions (id, employe_id, nouveau_poste_id, date_promotion, nouveau_salaire) VALUES
(1, 320, 93, '2022-08-14', 6701.96),
(2, 32, 67, '2024-02-21', 6212.57),
(3, 232, 30, '2024-02-14', 9848.06),
(4, 224, 7, '2024-06-02', 5225.52),
(5, 124, 77, '2024-07-28', 6826.47),
(6, 394, 63, '2022-02-26', 8668.79),
(7, 494, 89, '2024-01-06', 5434.71),
(8, 377, 17, '2020-12-14', 3244.57),
(9, 126, 19, '2024-02-01', 9194.19),
(10, 113, 10, '2020-08-26', 4668.73),
(11, 22, 83, '2020-08-16', 7219.19),
(12, 53, 85, '2024-07-02', 3056.93),
(13, 420, 98, '2022-04-23', 5246.63),
(14, 302, 94, '2024-07-23', 4338.95),
(15, 565, 76, '2023-05-23', 2551.69),
(16, 544, 74, '2023-04-20', 4404.29),
(17, 155, 68, '2025-01-04', 5454.86),
(18, 164, 26, '2023-12-09', 7511.77),
(19, 551, 6, '2024-05-26', 7957.81),
(20, 431, 87, '2021-07-24', 8281.34),
(21, 580, 4, '2023-03-22', 2603.09),
(22, 209, 31, '2024-06-27', 3381.12),
(23, 505, 73, '2023-05-08', 6935.03),
(24, 557, 77, '2024-11-16', 2506.64),
(25, 47, 79, '2021-12-17', 5908.36),
(26, 21, 84, '2022-12-10', 5227.43),
(27, 546, 79, '2022-04-17', 8404.12),
(28, 347, 67, '2024-06-06', 3510.16),
(29, 245, 2, '2024-07-30', 7850.19),
(30, 58, 8, '2024-06-26', 3737.24),
(31, 195, 20, '2020-07-29', 9093.61),
(32, 3, 71, '2025-03-22', 4060.61),
(33, 510, 97, '2022-09-07', 9298.0),
(34, 496, 67, '2023-05-20', 7659.47),
(35, 365, 24, '2021-04-09', 5045.84),
(36, 286, 88, '2021-05-03', 9683.13),
(37, 195, 45, '2021-09-18', 5478.95),
(38, 350, 59, '2020-08-16', 7748.44),
(39, 76, 1, '2021-07-18', 7175.38),
(40, 509, 51, '2023-02-24', 6471.4),
(41, 597, 65, '2024-07-17', 7995.45),
(42, 426, 55, '2023-08-03', 5660.45),
(43, 86, 12, '2020-09-01', 6156.06),
(44, 254, 31, '2023-01-01', 8851.7),
(45, 572, 64, '2024-12-29', 3722.31),
(46, 29, 99, '2025-01-09', 8981.91),
(47, 472, 82, '2024-05-18', 3622.3),
(48, 583, 19, '2023-05-16', 7758.23),
(49, 98, 40, '2020-11-02', 5807.82),
(50, 235, 69, '2022-11-23', 8118.22),
(51, 427, 55, '2025-01-16', 8629.64),
(52, 571, 72, '2020-10-25', 5336.74),
(53, 134, 46, '2022-09-24', 6114.8),
(54, 441, 29, '2023-04-04', 6560.48),
(55, 273, 1, '2021-12-01', 3893.82),
(56, 175, 93, '2024-12-15', 6934.49),
(57, 11, 80, '2024-02-04', 6792.94),
(58, 378, 88, '2021-07-19', 5078.39),
(59, 452, 29, '2024-07-16', 6699.17),
(60, 392, 22, '2021-02-19', 9350.49),
(61, 159, 5, '2022-06-18', 2793.12),
(62, 29, 7, '2024-08-30', 3559.12),
(63, 434, 8, '2022-01-07', 5314.55),
(64, 587, 52, '2024-04-08', 3618.81),
(65, 171, 92, '2020-09-04', 7623.78),
(66, 206, 46, '2023-04-25', 7732.67),
(67, 290, 2, '2023-10-21', 5433.51),
(68, 358, 2, '2025-07-06', 8284.8),
(69, 18, 23, '2023-02-03', 3744.07),
(70, 326, 100, '2024-11-20', 5863.57),
(71, 25, 4, '2023-02-19', 2881.0),
(72, 188, 62, '2021-09-02', 8708.99),
(73, 263, 18, '2021-09-02', 9412.51),
(74, 11, 51, '2022-09-17', 4558.64),
(75, 33, 27, '2021-10-20', 3006.55),
(76, 246, 93, '2022-03-23', 5805.24),
(77, 184, 98, '2020-11-24', 2808.22),
(78, 268, 8, '2023-12-17', 8001.16),
(79, 142, 14, '2021-12-16', 3872.12),
(80, 385, 27, '2024-10-20', 7028.94),
(81, 147, 87, '2023-03-16', 4608.39),
(82, 557, 28, '2024-10-11', 3596.23),
(83, 5, 18, '2022-01-24', 2833.27),
(84, 483, 53, '2024-05-24', 8708.68),
(85, 590, 42, '2025-07-09', 7923.22),
(86, 490, 44, '2022-05-18', 5103.94),
(87, 228, 78, '2021-04-12', 8847.35),
(88, 78, 28, '2023-08-30', 8015.37),
(89, 122, 29, '2020-11-29', 8427.91),
(90, 420, 32, '2024-02-02', 2555.37),
(91, 333, 95, '2025-07-02', 2805.4),
(92, 170, 23, '2023-07-29', 9327.59),
(93, 349, 84, '2024-05-29', 4003.68),
(94, 180, 74, '2021-02-18', 8676.71),
(95, 78, 71, '2024-06-15', 6846.9),
(96, 92, 42, '2025-07-17', 6467.14),
(97, 483, 89, '2023-09-06', 8791.36),
(98, 297, 61, '2022-12-04', 3369.14),
(99, 12, 97, '2025-01-23', 8963.8),
(100, 554, 97, '2025-05-20', 7620.65),
(101, 480, 67, '2024-10-31', 5964.86),
(102, 299, 63, '2022-12-06', 7641.86),
(103, 497, 78, '2023-01-11', 6671.28),
(104, 161, 96, '2021-06-22', 8024.79),
(105, 309, 61, '2025-01-24', 2966.9),
(106, 102, 4, '2024-12-27', 6589.45),
(107, 128, 90, '2023-08-02', 9134.63),
(108, 597, 26, '2021-04-12', 6913.71),
(109, 471, 20, '2020-08-17', 9950.62),
(110, 188, 20, '2025-01-31', 7073.43),
(111, 53, 5, '2022-08-27', 9647.65),
(112, 14, 87, '2023-04-25', 3928.73),
(113, 309, 34, '2024-06-24', 7353.18),
(114, 491, 70, '2025-01-30', 5036.2),
(115, 188, 42, '2025-01-08', 8196.98),
(116, 459, 82, '2023-10-27', 4458.98),
(117, 142, 80, '2022-02-22', 3202.49),
(118, 450, 24, '2023-08-24', 8348.83),
(119, 177, 83, '2021-11-06', 7875.48),
(120, 102, 50, '2023-10-11', 9074.86),
(121, 409, 46, '2020-12-11', 7291.7),
(122, 479, 15, '2024-07-16', 5679.96),
(123, 12, 53, '2024-07-24', 8805.85),
(124, 10, 26, '2025-01-28', 6859.92),
(125, 527, 23, '2021-03-19', 3581.22),
(126, 174, 49, '2020-07-23', 4413.18),
(127, 528, 70, '2025-01-30', 6217.68),
(128, 183, 82, '2020-12-23', 6144.73),
(129, 585, 31, '2022-04-22', 9964.63),
(130, 382, 20, '2025-05-17', 8296.34),
(131, 157, 86, '2020-09-22', 8208.95),
(132, 382, 83, '2021-01-30', 6713.91),
(133, 225, 86, '2023-12-12', 8924.91),
(134, 573, 71, '2021-05-13', 5662.22),
(135, 132, 57, '2024-05-04', 5415.93),
(136, 527, 70, '2024-12-02', 8550.41),
(137, 387, 13, '2022-06-28', 5319.36),
(138, 323, 84, '2023-10-12', 3758.6),
(139, 309, 2, '2023-02-23', 8942.19),
(140, 7, 12, '2024-10-01', 8906.53),
(141, 515, 88, '2020-09-15', 7822.06),
(142, 74, 36, '2021-12-17', 2782.48),
(143, 295, 62, '2024-07-24', 6884.14),
(144, 195, 39, '2024-03-28', 7211.57),
(145, 487, 71, '2025-05-26', 5476.51),
(146, 104, 100, '2022-03-09', 6055.62),
(147, 298, 88, '2021-05-14', 4576.38),
(148, 519, 96, '2025-03-07', 5389.51),
(149, 422, 33, '2025-06-09', 4072.82),
(150, 269, 21, '2025-01-19', 6004.9),
(151, 106, 56, '2023-02-05', 5358.78),
(152, 264, 88, '2023-08-13', 6390.92),
(153, 465, 78, '2020-11-02', 6145.89),
(154, 589, 9, '2021-12-15', 3537.87),
(155, 186, 15, '2024-07-29', 7548.48),
(156, 583, 95, '2022-11-08', 3909.74),
(157, 406, 77, '2023-06-11', 5835.57),
(158, 545, 100, '2021-11-01', 2892.55),
(159, 114, 54, '2025-05-21', 7473.83),
(160, 186, 29, '2020-07-29', 8417.23),
(161, 132, 87, '2024-03-16', 4544.36),
(162, 111, 60, '2025-03-03', 4010.49),
(163, 392, 64, '2023-11-05', 4676.41),
(164, 204, 26, '2024-04-26', 5839.61),
(165, 396, 5, '2022-03-17', 8488.57),
(166, 263, 65, '2023-08-26', 3279.24),
(167, 10, 42, '2024-11-22', 5367.19),
(168, 228, 32, '2023-07-03', 7125.1),
(169, 55, 4, '2022-07-21', 2589.08),
(170, 263, 97, '2020-11-20', 7297.5),
(171, 395, 45, '2022-11-17', 5774.82),
(172, 31, 89, '2021-01-29', 9045.89),
(173, 321, 10, '2021-07-21', 2556.88),
(174, 243, 70, '2022-06-02', 7146.23),
(175, 134, 43, '2021-06-27', 3580.96),
(176, 450, 23, '2024-11-04', 9287.26),
(177, 367, 76, '2025-03-07', 4870.02),
(178, 345, 11, '2025-06-30', 3168.21),
(179, 434, 75, '2024-08-04', 5714.28),
(180, 295, 50, '2025-05-28', 3216.74),
(181, 378, 64, '2023-05-07', 4865.26),
(182, 268, 83, '2022-07-21', 2652.75),
(183, 52, 82, '2023-04-27', 4518.92),
(184, 343, 11, '2023-06-03', 3379.98),
(185, 100, 2, '2022-03-12', 4160.54),
(186, 128, 7, '2025-07-06', 9478.99),
(187, 520, 5, '2020-11-28', 8810.01),
(188, 163, 44, '2024-03-16', 5814.85),
(189, 216, 23, '2022-09-12', 3522.89),
(190, 451, 60, '2021-01-07', 4237.79),
(191, 262, 17, '2022-11-18', 4846.38),
(192, 436, 26, '2023-03-24', 4826.07),
(193, 233, 91, '2025-01-23', 7127.19),
(194, 132, 83, '2020-10-25', 3922.51),
(195, 250, 80, '2022-02-03', 5938.41),
(196, 222, 65, '2020-12-23', 2688.23),
(197, 18, 29, '2023-11-08', 8101.14),
(198, 365, 16, '2020-10-16', 8881.81),
(199, 491, 19, '2022-08-04', 8828.5),
(200, 16, 37, '2021-06-26', 5359.0);

-- data formations
INSERT INTO formations (id, employe_id, titre, prestataire, date_debut, date_fin) VALUES
(1, 170, 'Innovate revolutionary functionalities', 'Mendès S.A.R.L.', '2025-02-02', '2025-07-05'),
(2, 481, 'Orchestrate viral deliverables', 'Diaz-Nelson', '2023-03-05', '2023-10-21'),
(3, 98, 'Enhance value-added e-business', 'Pinto Allard SARL', '2023-11-09', '2024-07-30'),
(4, 38, 'Brand mission-critical relationships', 'Walker-Koch', '2024-12-18', '2024-12-25'),
(5, 418, 'Scale visionary synergies', 'Hamon Laporte SARL', '2023-11-03', '2024-08-10'),
(6, 198, 'Re-intermediate open-source channels', 'David', '2023-06-18', '2023-07-11'),
(7, 8, 'Seize revolutionary vortals', 'Schneider', '2023-04-27', '2024-02-07'),
(8, 360, 'Engineer bleeding-edge e-business', 'Delorme S.A.', '2023-03-12', '2023-04-15'),
(9, 47, 'Leverage dot-com e-tailers', 'Delahaye Marques SA', '2025-04-05', '2025-07-30'),
(10, 325, 'Whiteboard synergistic technologies', 'Delahaye et Fils', '2024-12-21', '2025-04-02'),
(11, 449, 'Facilitate transparent supply-chains', 'Thompson, Harrington and Rivera', '2023-02-15', '2023-05-29'),
(12, 151, 'Unleash one-to-one communities', 'Fox-Martinez', '2023-02-01', '2023-06-02'),
(13, 252, 'Evolve sticky communities', 'Hodge-Guzman', '2022-11-14', '2023-10-13'),
(14, 290, 'Streamline innovative metrics', 'Middleton, Green and Barker', '2022-09-01', '2022-12-29'),
(15, 74, 'Monetize magnetic architectures', 'Pires', '2023-11-16', '2024-09-06'),
(16, 69, 'Whiteboard transparent channels', 'Fouquet SA', '2022-11-14', '2023-08-17'),
(17, 412, 'Innovate open-source methodologies', 'Dixon, Young and Luna', '2023-09-23', '2023-11-03'),
(18, 99, 'Revolutionize clicks-and-mortar web services', 'Bond, Cox and Yang', '2022-09-23', '2023-06-01'),
(19, 152, 'Transition frictionless action-items', 'Collins, Shea and Martin', '2022-12-01', '2022-12-05'),
(20, 594, 'Target transparent solutions', 'Ferrand S.A.S.', '2023-12-17', '2024-05-10'),
(21, 382, 'Redefine b2c interfaces', 'Cain-Stafford', '2023-10-14', '2024-07-23'),
(22, 346, 'Re-intermediate visionary users', 'Giles, Holloway and Rodriguez', '2025-06-07', '2025-08-22'),
(23, 581, 'Incubate clicks-and-mortar experiences', 'Blot', '2024-11-06', '2024-11-08'),
(24, 36, 'Envisioneer rich platforms', 'Stout-Glenn', '2023-08-28', '2024-04-22'),
(25, 523, 'Disintermediate rich applications', 'Patterson-Woods', '2023-08-24', '2024-03-24'),
(26, 266, 'Visualize innovative networks', 'Camacho LLC', '2023-12-16', '2024-02-01'),
(27, 118, 'Matrix open-source eyeballs', 'Boulay Dupont et Fils', '2024-07-03', '2025-03-08'),
(28, 19, 'Innovate impactful mindshare', 'Miller Group', '2023-09-14', '2024-08-05'),
(29, 551, 'Architect viral eyeballs', 'Marchand S.A.R.L.', '2022-08-27', '2023-08-23'),
(30, 517, 'Scale web-enabled info-mediaries', 'Gregory and Sons', '2023-02-28', '2023-11-20'),
(31, 36, 'Evolve e-business partnerships', 'Baudry S.A.R.L.', '2023-02-14', '2023-07-26'),
(32, 69, 'Deploy real-time architectures', 'Holt-Arias', '2025-05-24', '2026-03-08'),
(33, 508, 'Maximize b2b convergence', 'Webster LLC', '2023-09-16', '2024-01-17'),
(34, 293, 'Matrix sticky e-tailers', 'Bodin Goncalves et Fils', '2022-08-15', '2023-07-06'),
(35, 132, 'Embrace wireless e-business', 'Cooper and Sons', '2025-04-20', '2025-12-23'),
(36, 400, 'Innovate magnetic e-services', 'Hays-Cobb', '2024-08-13', '2025-08-11'),
(37, 125, 'Incentivize global initiatives', 'Bruneau Étienne et Fils', '2023-04-12', '2024-03-20'),
(38, 464, 'Mesh value-added content', 'Bennett, Vaughan and Hendrix', '2022-08-16', '2023-03-25'),
(39, 317, 'Integrate revolutionary models', 'Barbier SARL', '2023-01-01', '2023-07-27'),
(40, 471, 'Drive innovative users', 'Smith-Cisneros', '2025-07-05', '2026-01-18'),
(41, 186, 'Aggregate front-end channels', 'Le Roux Sanchez SA', '2022-11-24', '2023-09-14'),
(42, 139, 'Implement interactive content', 'Henry Leclerc SARL', '2024-06-27', '2025-02-21'),
(43, 220, 'Exploit user-centric action-items', 'Phillips, Wilkerson and Murphy', '2024-05-12', '2024-12-29'),
(44, 185, 'Integrate mission-critical users', 'Davis and Sons', '2024-10-08', '2025-05-05'),
(45, 153, 'Deploy impactful e-business', 'Lemaître', '2024-01-13', '2024-04-19'),
(46, 80, 'Incubate interactive networks', 'Martinez-George', '2023-05-30', '2023-12-18'),
(47, 112, 'Drive plug-and-play e-commerce', 'Walker, Camacho and Jones', '2024-09-15', '2024-11-23'),
(48, 367, 'Redefine visionary e-services', 'Paris Chauveau SA', '2023-06-10', '2024-01-07'),
(49, 550, 'Facilitate killer communities', 'Schmitt', '2023-08-29', '2023-10-19'),
(50, 2, 'Envisioneer proactive architectures', 'Rodriguez, Barton and Morrison', '2024-03-09', '2024-10-27'),
(51, 362, 'Repurpose leading-edge methodologies', 'Étienne SARL', '2024-11-09', '2025-04-02'),
(52, 580, 'Incubate innovative platforms', 'Rodriguez SARL', '2023-01-28', '2023-04-05'),
(53, 521, 'Morph intuitive web-readiness', 'Hanson Group', '2023-09-22', '2024-01-13'),
(54, 103, 'Streamline plug-and-play applications', 'Dufour', '2025-03-31', '2025-07-24'),
(55, 6, 'Synergize customized e-commerce', 'Cunningham PLC', '2025-04-15', '2026-02-20'),
(56, 256, 'Visualize clicks-and-mortar e-tailers', 'Long, Moore and Murray', '2024-01-14', '2024-11-02'),
(57, 26, 'Evolve rich architectures', 'Hardy S.A.S.', '2023-12-26', '2024-05-25'),
(58, 44, 'Drive customized e-tailers', 'Smith-Turner', '2024-08-28', '2025-04-08'),
(59, 473, 'Synergize interactive solutions', 'Pires', '2022-08-18', '2023-06-09'),
(60, 114, 'Unleash cutting-edge interfaces', 'Jean SA', '2024-07-12', '2025-02-09'),
(61, 94, 'Syndicate distributed technologies', 'Labbé', '2024-09-19', '2025-03-17'),
(62, 134, 'Harness cross-media e-services', 'Lelièvre', '2025-04-09', '2026-01-30'),
(63, 214, 'Mesh strategic interfaces', 'Mcguire, Marshall and Walker', '2024-08-03', '2025-07-06'),
(64, 124, 'Embrace cutting-edge e-services', 'Walton, Soto and Terry', '2023-04-15', '2023-08-12'),
(65, 367, 'Benchmark innovative e-business', 'Joseph', '2023-11-22', '2024-05-22'),
(66, 108, 'Morph sticky communities', 'Obrien Inc', '2023-08-27', '2023-11-06'),
(67, 224, 'Whiteboard impactful networks', 'Didier Roux SA', '2022-08-18', '2023-04-11'),
(68, 55, 'Deliver synergistic metrics', 'Blin', '2023-11-04', '2024-06-15'),
(69, 94, 'E-enable impactful initiatives', 'Durand Vasseur SARL', '2023-10-04', '2023-12-29'),
(70, 295, 'Embrace sticky platforms', 'Miller-Decker', '2025-02-19', '2025-05-11'),
(71, 48, 'Revolutionize killer infrastructures', 'Collin Fournier et Fils', '2022-11-20', '2023-02-18'),
(72, 57, 'Utilize magnetic channels', 'Maillot', '2024-02-18', '2024-11-28'),
(73, 26, 'Embrace open-source content', 'Durham, Russell and Lawson', '2023-07-14', '2024-03-29'),
(74, 150, 'Re-contextualize rich convergence', 'Peron', '2025-04-18', '2025-11-30'),
(75, 422, 'Synergize sticky e-services', 'Bouvier', '2025-06-22', '2026-04-16'),
(76, 20, 'Optimize e-business web services', 'Howell-Mueller', '2024-03-08', '2024-08-27'),
(77, 384, 'Drive vertical e-commerce', 'Allain', '2025-05-30', '2025-11-16'),
(78, 60, 'Cultivate b2c web services', 'Lebreton Godard S.A.R.L.', '2023-12-02', '2024-06-10'),
(79, 94, 'Engage customized metrics', 'Bègue S.A.S.', '2024-05-24', '2024-06-18'),
(80, 299, 'Harness back-end interfaces', 'Teixeira', '2023-11-21', '2024-01-13'),
(81, 106, 'Disintermediate transparent action-items', 'Boyer LLC', '2025-04-15', '2026-03-31'),
(82, 367, 'Expedite frictionless e-services', 'Carrillo-Pollard', '2025-07-13', '2026-01-04'),
(83, 47, 'Enable interactive markets', 'Descamps S.A.R.L.', '2025-01-21', '2025-11-02'),
(84, 79, 'Synergize open-source convergence', 'Henry', '2022-09-21', '2023-02-11'),
(85, 381, 'Deliver transparent e-tailers', 'Jackson-Collins', '2023-03-09', '2023-10-22'),
(86, 546, 'Reinvent value-added bandwidth', 'Brown, Brady and Mclaughlin', '2024-11-14', '2025-10-04'),
(87, 501, 'Drive vertical schemas', 'Petit', '2025-01-16', '2025-12-21'),
(88, 523, 'Brand interactive paradigms', 'Arnaud', '2024-07-24', '2025-04-21'),
(89, 241, 'Maximize end-to-end action-items', 'Lee-Johnson', '2025-03-15', '2025-11-25'),
(90, 174, 'Engage visionary technologies', 'Julien', '2022-12-04', '2023-02-28'),
(91, 206, 'Reinvent 24/7 schemas', 'Kim Group', '2022-09-04', '2023-07-21'),
(92, 598, 'Generate cross-media web services', 'Martin, Gibson and Gibson', '2023-06-25', '2024-04-07'),
(93, 243, 'Reinvent 24/7 eyeballs', 'Lesage', '2024-01-20', '2024-03-11'),
(94, 425, 'Enable value-added initiatives', 'Rousset Pinto et Fils', '2025-05-05', '2025-10-23'),
(95, 460, 'Enable impactful users', 'Ledoux', '2022-09-02', '2022-09-22'),
(96, 404, 'Implement frictionless niches', 'Martin, Lopez and Burton', '2024-12-25', '2025-06-14'),
(97, 455, 'Incentivize cross-media solutions', 'Howard, Mcdonald and Zimmerman', '2024-04-24', '2025-02-14'),
(98, 106, 'Syndicate b2c mindshare', 'Poulain Goncalves SA', '2023-05-06', '2024-03-30'),
(99, 77, 'Strategize killer metrics', 'Valette S.A.R.L.', '2024-10-21', '2025-01-04'),
(100, 84, 'Transform 24/7 action-items', 'Prince, Ballard and Sanchez', '2023-11-18', '2024-10-28'),
(101, 574, 'Expedite next-generation experiences', 'Rey', '2022-12-24', '2023-04-02'),
(102, 105, 'Architect collaborative web services', 'Smith PLC', '2023-11-17', '2024-01-13'),
(103, 165, 'Grow cutting-edge portals', 'Jacobson, Carter and Black', '2023-12-17', '2024-01-14'),
(104, 16, 'Re-contextualize back-end info-mediaries', 'Samson S.A.R.L.', '2024-12-20', '2025-09-02'),
(105, 260, 'E-enable synergistic initiatives', 'Peterson, Foster and Brooks', '2025-03-29', '2025-04-14'),
(106, 439, 'E-enable transparent convergence', 'Brunel', '2023-09-20', '2024-08-28'),
(107, 207, 'Whiteboard e-business methodologies', 'Samson SA', '2022-12-11', '2023-06-26'),
(108, 387, 'Empower granular experiences', 'Blanchet Leroux S.A.', '2024-08-07', '2025-01-29'),
(109, 543, 'Reinvent strategic web services', 'Duval', '2022-10-06', '2022-11-16'),
(110, 123, 'Innovate bleeding-edge mindshare', 'Mercier Antoine S.A.', '2023-07-30', '2024-06-12'),
(111, 220, 'Maximize holistic solutions', 'Klein', '2024-11-08', '2025-07-01'),
(112, 470, 'Morph magnetic solutions', 'Griffin LLC', '2024-10-27', '2025-03-04'),
(113, 453, 'Scale ubiquitous action-items', 'Martin, Duffy and Nielsen', '2025-04-10', '2025-10-26'),
(114, 86, 'Disintermediate plug-and-play supply-chains', 'Marin De Oliveira S.A.S.', '2022-08-18', '2023-01-30'),
(115, 472, 'Synergize visionary e-commerce', 'Chartier', '2023-10-17', '2024-08-06'),
(116, 355, 'Monetize cross-platform e-markets', 'Johnson-Robertson', '2023-10-16', '2024-09-15'),
(117, 287, 'Re-intermediate killer niches', 'Lee-Evans', '2025-06-09', '2025-11-03'),
(118, 361, 'Monetize magnetic metrics', 'Joseph et Fils', '2024-07-18', '2025-01-25'),
(119, 524, 'Scale wireless synergies', 'Bourgeois', '2024-11-29', '2025-09-21'),
(120, 225, 'Morph proactive methodologies', 'Normand', '2024-06-07', '2025-04-20'),
(121, 50, 'Visualize visionary systems', 'York-White', '2022-11-12', '2023-04-24'),
(122, 185, 'Transform granular deliverables', 'Lacroix', '2024-04-12', '2024-10-18'),
(123, 285, 'Envisioneer dot-com interfaces', 'Lebreton', '2023-11-02', '2024-02-20'),
(124, 306, 'Streamline best-of-breed systems', 'Daniels, Morton and James', '2025-05-28', '2026-02-28'),
(125, 413, 'Grow synergistic eyeballs', 'Bodin', '2024-02-24', '2024-08-02'),
(126, 7, 'Iterate sticky applications', 'Anderson, Olsen and Christensen', '2022-10-14', '2022-11-27'),
(127, 520, 'Reinvent innovative web-readiness', 'Guyot', '2024-05-09', '2024-11-01'),
(128, 574, 'Brand distributed methodologies', 'Morrow, Best and Frazier', '2024-10-24', '2024-12-06'),
(129, 329, 'Leverage scalable methodologies', 'Moore-Gilmore', '2024-12-20', '2025-04-30'),
(130, 226, 'Productize wireless eyeballs', 'Harris-Baker', '2023-11-08', '2024-10-10'),
(131, 443, 'Enable dynamic markets', 'Toussaint Bazin et Fils', '2023-01-13', '2023-01-21'),
(132, 373, 'Exploit mission-critical niches', 'Charrier', '2023-01-02', '2023-01-08'),
(133, 545, 'Utilize strategic action-items', 'Lemaire', '2024-09-24', '2024-10-27'),
(134, 163, 'Synergize e-business functionalities', 'Laroche', '2025-03-05', '2025-11-05'),
(135, 292, 'Matrix frictionless platforms', 'Johnson, Garcia and Williams', '2025-05-06', '2026-04-08'),
(136, 238, 'Maximize innovative platforms', 'Robinson LLC', '2023-11-16', '2024-03-29'),
(137, 9, 'Transform intuitive paradigms', 'Valentine, Cunningham and Cervantes', '2025-02-01', '2025-09-22'),
(138, 177, 'Monetize clicks-and-mortar systems', 'Daniel', '2024-12-31', '2025-02-19'),
(139, 514, 'Incentivize collaborative solutions', 'Martin Ltd', '2024-01-04', '2024-02-02'),
(140, 37, 'Brand integrated web-readiness', 'Schneider Leclerc S.A.S.', '2023-08-10', '2024-03-11'),
(141, 34, 'Visualize seamless e-commerce', 'Laporte Nicolas et Fils', '2025-02-13', '2025-04-13'),
(142, 572, 'Transform value-added partnerships', 'Brunet', '2024-01-02', '2024-01-04'),
(143, 335, 'Facilitate vertical eyeballs', 'Poirier S.A.S.', '2025-04-29', '2026-02-25'),
(144, 507, 'Exploit scalable e-commerce', 'Jacob Hubert S.A.', '2023-12-21', '2023-12-30'),
(145, 388, 'Cultivate sticky mindshare', 'Davis-Gonzales', '2024-03-19', '2024-05-18'),
(146, 503, 'Seize frictionless relationships', 'Regnier', '2025-06-19', '2026-05-13'),
(147, 307, 'Iterate interactive bandwidth', 'Barnett-Singh', '2024-12-23', '2025-01-20'),
(148, 65, 'Drive dynamic architectures', 'Grenier', '2023-08-23', '2024-01-12'),
(149, 240, 'Repurpose cutting-edge e-business', 'Legros S.A.S.', '2024-04-08', '2024-07-23'),
(150, 357, 'Incubate 24/7 synergies', 'Poirier', '2024-03-09', '2025-01-03'),
(151, 429, 'Evolve turn-key initiatives', 'Allard', '2023-05-28', '2024-02-02'),
(152, 438, 'Maximize dynamic info-mediaries', 'Rémy S.A.', '2025-02-18', '2026-02-10'),
(153, 289, 'Seize b2b networks', 'Jacobs-Thomas', '2024-07-27', '2024-12-30'),
(154, 510, 'Orchestrate rich roi', 'Garcia, Perry and King', '2022-09-17', '2023-03-21'),
(155, 182, 'Aggregate magnetic roi', 'Perez, Jensen and Hunter', '2023-03-19', '2023-08-16'),
(156, 65, 'Strategize transparent relationships', 'Vega-Robinson', '2024-02-06', '2024-06-26'),
(157, 374, 'Orchestrate back-end metrics', 'Morgan, Johnson and Pearson', '2022-09-03', '2023-05-11'),
(158, 122, 'Integrate open-source e-services', 'Gonzalez Maurice S.A.R.L.', '2023-08-18', '2024-02-09'),
(159, 186, 'Unleash robust solutions', 'Bigot', '2023-05-01', '2023-06-20'),
(160, 497, 'Orchestrate sticky bandwidth', 'Gaudin Alexandre et Fils', '2024-12-01', '2025-03-09'),
(161, 458, 'Seize scalable functionalities', 'Diaz', '2023-07-16', '2023-08-25'),
(162, 452, 'Embrace granular supply-chains', 'Menard Aubert S.A.R.L.', '2025-07-15', '2026-04-08'),
(163, 430, 'Iterate b2c infrastructures', 'Cordier', '2023-06-22', '2024-06-17'),
(164, 90, 'Repurpose compelling platforms', 'Sauvage', '2024-04-30', '2024-12-01'),
(165, 180, 'Transition user-centric bandwidth', 'Crawford LLC', '2025-03-27', '2025-08-07'),
(166, 561, 'Exploit cross-platform solutions', 'Jensen-Perez', '2025-04-28', '2025-08-04'),
(167, 524, 'E-enable b2c experiences', 'Alvarado and Sons', '2023-03-06', '2024-01-23'),
(168, 275, 'Syndicate value-added e-business', 'Bertin Meyer S.A.S.', '2022-08-22', '2022-10-02'),
(169, 310, 'Extend visionary solutions', 'Alves', '2023-02-08', '2023-02-21'),
(170, 259, 'Iterate world-class portals', 'Muller S.A.R.L.', '2023-12-30', '2024-07-20'),
(171, 350, 'Implement efficient metrics', 'Royer', '2025-03-07', '2025-04-25'),
(172, 539, 'Strategize sticky partnerships', 'Kirk-Smith', '2023-11-08', '2023-12-24'),
(173, 80, 'E-enable back-end vortals', 'Larsen-Miller', '2024-10-03', '2024-11-11'),
(174, 500, 'Evolve collaborative e-tailers', 'Labbé', '2024-09-16', '2025-05-29'),
(175, 122, 'Drive web-enabled content', 'Wagner S.A.R.L.', '2023-04-14', '2023-04-28'),
(176, 291, 'Mesh extensible experiences', 'Parker, Phillips and Doyle', '2024-04-09', '2024-04-30'),
(177, 587, 'Whiteboard bleeding-edge convergence', 'Blanchet et Fils', '2024-06-07', '2025-03-18'),
(178, 196, 'Enable impactful technologies', 'Brooks Group', '2023-02-02', '2023-12-30'),
(179, 230, 'Integrate interactive experiences', 'Jacquet', '2022-09-23', '2023-08-24'),
(180, 581, 'Generate plug-and-play models', 'Rodriguez-Williams', '2022-12-26', '2023-03-19'),
(181, 90, 'Incubate enterprise web-readiness', 'Joubert S.A.R.L.', '2024-12-27', '2025-12-14'),
(182, 45, 'Deliver seamless roi', 'Gonzales-Lewis', '2024-12-24', '2025-08-09'),
(183, 484, 'Maximize killer portals', 'Taylor-Sparks', '2024-02-23', '2025-01-01'),
(184, 240, 'Orchestrate turn-key e-tailers', 'Beltran, Taylor and Oliver', '2023-03-12', '2023-10-27'),
(185, 68, 'Syndicate wireless architectures', 'Marin', '2023-12-09', '2024-01-17'),
(186, 69, 'Syndicate innovative eyeballs', 'Chrétien SA', '2023-11-17', '2024-07-03'),
(187, 366, 'Innovate scalable e-commerce', 'Thornton, Richardson and Koch', '2024-04-10', '2024-09-20'),
(188, 35, 'Repurpose killer roi', 'Joseph SA', '2024-03-18', '2025-02-11'),
(189, 281, 'Exploit scalable methodologies', 'Kelly Group', '2024-11-19', '2025-02-04'),
(190, 15, 'Aggregate plug-and-play initiatives', 'Maillot S.A.R.L.', '2024-08-29', '2024-09-23'),
(191, 412, 'Streamline world-class convergence', 'Jackson Group', '2022-09-05', '2023-03-09'),
(192, 322, 'E-enable clicks-and-mortar platforms', 'Hobbs LLC', '2024-10-10', '2025-03-29'),
(193, 226, 'Matrix extensible infrastructures', 'Gutierrez Inc', '2023-03-20', '2023-11-16'),
(194, 159, 'Facilitate user-centric applications', 'Perez-Gibson', '2024-09-18', '2025-04-03'),
(195, 428, 'Synthesize 24/365 interfaces', 'Lebon', '2025-07-03', '2026-06-28'),
(196, 444, 'E-enable front-end systems', 'Boyer Maury S.A.', '2025-05-12', '2025-07-02'),
(197, 186, 'Synergize bleeding-edge markets', 'Mace', '2024-11-05', '2025-03-14'),
(198, 226, 'Maximize user-centric infrastructures', 'Lefebvre Allain S.A.R.L.', '2025-01-13', '2025-08-13'),
(199, 497, 'Seize virtual models', 'Guillot', '2025-05-31', '2025-12-19'),
(200, 135, 'E-enable extensible content', 'Colin SA', '2022-10-10', '2023-04-12'),
(201, 530, 'Visualize holistic solutions', 'Joubert Gillet SARL', '2024-10-04', '2025-07-09'),
(202, 519, 'Productize b2c content', 'Vallée et Fils', '2023-01-30', '2023-03-19'),
(203, 138, 'Optimize seamless methodologies', 'Hernandez-Harding', '2024-07-27', '2025-05-11'),
(204, 306, 'Mesh intuitive partnerships', 'Wright and Sons', '2024-11-10', '2025-08-26'),
(205, 430, 'Incentivize b2b experiences', 'Paul', '2022-11-07', '2023-08-17'),
(206, 292, 'Re-intermediate one-to-one technologies', 'Poirier', '2024-09-21', '2025-02-10'),
(207, 291, 'Synthesize interactive portals', 'Copeland, Stanley and Robinson', '2024-06-16', '2024-12-20'),
(208, 221, 'Visualize open-source e-markets', 'Chen, Bird and David', '2024-10-08', '2025-10-01'),
(209, 569, 'Enhance open-source e-commerce', 'Hoareau', '2023-07-17', '2024-02-20'),
(210, 447, 'Drive cross-platform metrics', 'Gonzalez, Dennis and Brown', '2024-08-02', '2025-04-28'),
(211, 174, 'Envisioneer vertical architectures', 'Teixeira', '2023-09-27', '2023-11-04'),
(212, 148, 'Matrix sticky e-tailers', 'Tanguy S.A.R.L.', '2023-05-23', '2023-07-31'),
(213, 333, 'Benchmark web-enabled bandwidth', 'Clément', '2025-03-21', '2025-06-17'),
(214, 24, 'Maximize collaborative markets', 'Sherman-Castillo', '2024-08-07', '2024-08-26'),
(215, 215, 'Benchmark seamless bandwidth', 'Ruiz-York', '2024-10-24', '2025-03-29'),
(216, 64, 'Transition interactive eyeballs', 'Bernard, Walker and Miller', '2023-12-16', '2024-05-20'),
(217, 301, 'Re-contextualize visionary interfaces', 'Garcia, Curtis and Santiago', '2025-04-26', '2026-03-11'),
(218, 380, 'Monetize value-added convergence', 'Gaudin', '2022-11-22', '2022-11-26'),
(219, 410, 'Aggregate intuitive info-mediaries', 'Lambert S.A.S.', '2024-02-22', '2024-07-08'),
(220, 562, 'Enable robust relationships', 'Porter and Sons', '2024-06-30', '2025-03-27'),
(221, 159, 'Seize integrated synergies', 'Laporte', '2022-11-18', '2023-11-15'),
(222, 367, 'Iterate dynamic methodologies', 'Hamel', '2024-01-19', '2024-03-10'),
(223, 410, 'Productize open-source web services', 'Paul Giraud S.A.S.', '2025-03-02', '2025-09-22'),
(224, 414, 'Morph strategic solutions', 'Terry-Frazier', '2023-11-09', '2024-08-21'),
(225, 88, 'Revolutionize virtual metrics', 'Albert', '2023-10-16', '2024-05-05'),
(226, 103, 'Engineer synergistic e-business', 'Luna and Sons', '2023-11-13', '2024-01-24'),
(227, 55, 'Strategize cross-media schemas', 'Watkins and Sons', '2025-03-22', '2025-06-30'),
(228, 31, 'Leverage real-time e-markets', 'Laporte', '2024-07-03', '2025-01-25'),
(229, 481, 'Aggregate strategic systems', 'Ashley-Gilbert', '2024-09-05', '2025-06-15'),
(230, 404, 'Strategize open-source markets', 'Vega Inc', '2024-12-11', '2025-04-16'),
(231, 124, 'Matrix value-added info-mediaries', 'Laine S.A.R.L.', '2024-05-10', '2025-03-07'),
(232, 86, 'Strategize one-to-one partnerships', 'Rios, Gonzalez and Meyer', '2023-03-29', '2024-03-20'),
(233, 561, 'Streamline end-to-end e-tailers', 'Chrétien', '2023-01-06', '2023-01-19'),
(234, 416, 'Leverage bricks-and-clicks networks', 'Moreno', '2024-03-07', '2024-11-20'),
(235, 264, 'Generate enterprise content', 'Perret et Fils', '2023-09-12', '2023-11-15'),
(236, 165, 'Transition frictionless paradigms', 'Pons', '2025-06-10', '2025-10-20'),
(237, 201, 'Envisioneer cross-platform technologies', 'Jenkins and Sons', '2025-06-05', '2026-05-06'),
(238, 501, 'Exploit b2c schemas', 'Garcia-Francis', '2023-06-03', '2023-10-07'),
(239, 595, 'Drive turn-key e-markets', 'Ferreira Gay S.A.', '2023-08-08', '2023-09-07'),
(240, 459, 'E-enable user-centric infrastructures', 'David SARL', '2023-11-30', '2024-07-14'),
(241, 133, 'Architect robust experiences', 'Voisin Raymond SA', '2024-11-14', '2025-06-06'),
(242, 329, 'Deliver back-end info-mediaries', 'Laporte', '2023-07-22', '2024-02-05'),
(243, 119, 'Repurpose next-generation initiatives', 'Parker, Jordan and Garcia', '2023-06-30', '2024-04-16'),
(244, 45, 'Optimize visionary e-business', 'Phillips PLC', '2023-09-05', '2023-11-13'),
(245, 579, 'Envisioneer e-business communities', 'Davis-Bullock', '2024-10-30', '2024-12-04'),
(246, 225, 'Synergize interactive models', 'Lesage', '2023-04-24', '2023-07-21'),
(247, 589, 'Matrix 24/7 e-services', 'Andre Caron S.A.R.L.', '2024-03-16', '2024-12-13'),
(248, 523, 'Unleash revolutionary technologies', 'Sullivan, Osborn and Jackson', '2024-02-14', '2024-05-26'),
(249, 232, 'Integrate best-of-breed initiatives', 'Walker and Sons', '2022-08-09', '2023-05-12'),
(250, 503, 'Aggregate cross-media content', 'Mace', '2024-10-26', '2025-02-25'),
(251, 231, 'Aggregate integrated info-mediaries', 'Muller SARL', '2023-10-15', '2024-04-29'),
(252, 334, 'Transition rich convergence', 'Vallet SARL', '2025-07-10', '2025-12-28'),
(253, 347, 'Strategize holistic solutions', 'Chandler-White', '2024-02-18', '2024-08-05'),
(254, 277, 'Visualize scalable functionalities', 'Moody-Hall', '2023-04-20', '2023-05-27'),
(255, 130, 'Re-intermediate front-end models', 'Collet Gérard S.A.R.L.', '2022-07-21', '2022-08-12'),
(256, 325, 'Embrace leading-edge roi', 'Noble, Morris and Boyd', '2024-05-05', '2025-01-17'),
(257, 593, 'Disintermediate magnetic paradigms', 'Lopes Jacquet SARL', '2022-11-07', '2023-09-03'),
(258, 319, 'Streamline viral eyeballs', 'Fischer S.A.', '2024-05-11', '2024-09-30'),
(259, 411, 'Embrace visionary applications', 'Toussaint S.A.', '2024-09-21', '2025-09-11'),
(260, 511, 'Envisioneer cross-platform networks', 'Gaudin et Fils', '2022-12-23', '2023-09-08'),
(261, 168, 'Exploit b2b channels', 'Mendès', '2024-11-01', '2025-07-10'),
(262, 328, 'Enhance ubiquitous metrics', 'Russell-Rodriguez', '2025-01-10', '2025-01-24'),
(263, 270, 'Target visionary partnerships', 'Barthelemy Mahe S.A.', '2025-06-15', '2026-05-27'),
(264, 439, 'Benchmark next-generation relationships', 'Reyes and Sons', '2022-08-10', '2023-06-12'),
(265, 476, 'Transition extensible platforms', 'Teixeira Fournier S.A.S.', '2023-02-01', '2023-12-17'),
(266, 454, 'Re-intermediate b2b markets', 'Blin', '2025-07-08', '2026-04-01'),
(267, 78, 'Transition intuitive supply-chains', 'Smith-Miller', '2022-11-23', '2023-08-26'),
(268, 539, 'Re-intermediate synergistic bandwidth', 'Clerc Gautier S.A.', '2024-06-19', '2025-04-16'),
(269, 499, 'Aggregate collaborative relationships', 'Potts-Yang', '2023-03-23', '2023-06-08'),
(270, 540, 'Empower innovative channels', 'Renault et Fils', '2023-12-31', '2024-09-12'),
(271, 7, 'Harness mission-critical paradigms', 'Guzman-Fleming', '2024-12-23', '2025-07-20'),
(272, 18, 'Monetize enterprise bandwidth', 'Gonzalez', '2025-06-18', '2026-03-07'),
(273, 33, 'Expedite seamless synergies', 'Williams, Johnson and Lambert', '2024-11-29', '2025-11-21'),
(274, 276, 'Transition cross-media e-markets', 'Deleon, Hamilton and Key', '2023-02-28', '2023-08-21'),
(275, 148, 'Transform proactive technologies', 'Ribeiro et Fils', '2023-05-09', '2023-08-24'),
(276, 529, 'Exploit best-of-breed portals', 'King, Johnson and Johnson', '2025-07-14', '2025-12-26'),
(277, 106, 'Incentivize efficient e-business', 'Moreno', '2024-01-16', '2024-05-03'),
(278, 237, 'Iterate interactive solutions', 'Benoit', '2024-04-06', '2024-07-13'),
(279, 580, 'Integrate dynamic web services', 'Hogan, Hart and Graham', '2023-09-25', '2024-08-28'),
(280, 377, 'Syndicate virtual eyeballs', 'Blondel', '2024-06-28', '2024-10-04'),
(281, 491, 'Strategize cross-platform eyeballs', 'White Group', '2022-09-14', '2023-03-15'),
(282, 505, 'Drive seamless experiences', 'Holden-Wilson', '2023-10-19', '2024-05-04'),
(283, 89, 'Re-contextualize holistic paradigms', 'Maillard', '2023-09-26', '2024-06-11'),
(284, 413, 'Optimize efficient info-mediaries', 'Hernandez, Trevino and Peters', '2023-07-21', '2023-08-26'),
(285, 336, 'Extend wireless users', 'Guérin Bousquet SARL', '2022-12-29', '2023-07-17'),
(286, 91, 'Re-intermediate bricks-and-clicks deliverables', 'Texier', '2023-10-26', '2024-04-05'),
(287, 277, 'Brand extensible interfaces', 'Chevalier SA', '2025-01-31', '2025-04-22'),
(288, 151, 'Implement killer deliverables', 'Martel Clément S.A.S.', '2022-12-18', '2023-02-19'),
(289, 441, 'Implement 24/7 functionalities', 'Mason Group', '2023-05-18', '2023-09-06'),
(290, 95, 'Benchmark bricks-and-clicks initiatives', 'Delahaye', '2024-01-05', '2024-07-19'),
(291, 495, 'Implement sticky methodologies', 'Butler-Wood', '2023-02-06', '2023-11-10'),
(292, 28, 'Cultivate efficient markets', 'Allard et Fils', '2023-04-30', '2023-08-19'),
(293, 267, 'Aggregate distributed initiatives', 'Carre', '2022-10-12', '2023-07-06'),
(294, 222, 'Empower leading-edge technologies', 'Bourgeois', '2025-06-01', '2025-07-23'),
(295, 575, 'Incubate cross-platform e-markets', 'Rocher S.A.R.L.', '2022-09-19', '2023-03-14'),
(296, 372, 'Visualize transparent systems', 'Navarro', '2024-09-02', '2025-04-07'),
(297, 170, 'Iterate one-to-one vortals', 'Germain', '2025-05-03', '2025-11-26'),
(298, 246, 'Orchestrate end-to-end web services', 'Lebrun', '2024-04-29', '2025-01-18'),
(299, 247, 'Reinvent revolutionary systems', 'Normand S.A.R.L.', '2024-03-01', '2024-07-17'),
(300, 389, 'Deliver ubiquitous applications', 'Alexander, Castaneda and Garrett', '2024-04-19', '2024-08-13');

-- data retraites
INSERT INTO retraites (id, employe_id, date_retraite, age_retraite, montant_pension) VALUES
(1, 189, '2021-10-29', 61, 2099.93),
(2, 4, '2023-05-27', 65, 2020.58),
(3, 204, '2022-10-16', 62, 2839.66),
(4, 547, '2021-10-08', 65, 1826.8),
(5, 340, '2022-01-03', 61, 2904.93),
(6, 247, '2022-09-19', 64, 3619.99),
(7, 8, '2022-01-01', 61, 2583.29),
(8, 343, '2025-02-25', 65, 2413.92),
(9, 251, '2022-01-13', 62, 1848.25),
(10, 340, '2021-04-10', 66, 1621.59),
(11, 90, '2022-06-01', 66, 2210.55),
(12, 389, '2022-08-07', 62, 2887.25),
(13, 320, '2022-07-29', 63, 3697.67),
(14, 236, '2023-07-17', 67, 3454.25),
(15, 332, '2024-02-21', 63, 3895.61),
(16, 27, '2021-11-11', 64, 2065.47),
(17, 301, '2022-05-25', 66, 2252.63),
(18, 384, '2024-11-03', 61, 1262.7),
(19, 176, '2024-02-12', 63, 2880.46),
(20, 584, '2023-04-08', 62, 1391.97),
(21, 401, '2022-02-14', 63, 2978.65),
(22, 32, '2023-07-07', 64, 1236.07),
(23, 337, '2023-07-11', 66, 2068.67),
(24, 16, '2020-11-30', 66, 2649.48),
(25, 80, '2023-05-31', 61, 3966.66),
(26, 414, '2023-05-07', 64, 2304.93),
(27, 204, '2021-05-15', 60, 1671.84),
(28, 462, '2020-09-09', 65, 1278.07),
(29, 184, '2024-11-13', 64, 2203.4),
(30, 320, '2021-07-27', 61, 1601.01),
(31, 106, '2023-02-22', 61, 2225.84),
(32, 67, '2023-08-01', 60, 2457.62),
(33, 80, '2021-12-13', 61, 3290.25),
(34, 435, '2021-12-22', 60, 3706.68),
(35, 131, '2024-12-22', 61, 1286.15),
(36, 23, '2022-06-10', 67, 3063.31),
(37, 81, '2024-06-23', 64, 3100.25),
(38, 421, '2024-07-14', 61, 2315.76),
(39, 470, '2022-11-11', 66, 2845.54),
(40, 57, '2024-06-02', 67, 3435.19),
(41, 520, '2021-11-27', 66, 3792.4),
(42, 210, '2022-11-29', 67, 3271.08),
(43, 361, '2024-09-20', 63, 3528.45),
(44, 55, '2020-08-24', 67, 1839.79),
(45, 502, '2023-08-16', 65, 3101.06),
(46, 535, '2023-10-19', 67, 2929.83),
(47, 461, '2022-06-01', 66, 1230.49),
(48, 527, '2023-11-22', 67, 2738.42),
(49, 505, '2024-07-31', 64, 2011.02),
(50, 138, '2022-11-01', 60, 2521.68),
(51, 247, '2023-02-14', 62, 1826.46),
(52, 130, '2021-09-24', 62, 3403.75),
(53, 387, '2021-08-01', 64, 2945.57),
(54, 330, '2022-07-10', 61, 3741.58),
(55, 303, '2024-11-29', 67, 2906.79),
(56, 269, '2023-02-09', 62, 3263.01),
(57, 345, '2023-06-15', 65, 2609.78),
(58, 151, '2025-04-15', 65, 1200.81),
(59, 178, '2023-09-30', 62, 2555.77),
(60, 223, '2022-01-07', 60, 3717.98);

-- data rotation
INSERT INTO rotation (id, employe_id, date_depart, raison, commentaire) VALUES
(1, 438, '2023-04-13', 'Licenciement', 'Repousser trait.'),
(2, 154, '2020-08-20', 'Licenciement', 'Résultat.'),
(3, 479, '2022-03-03', 'Démission', 'Occur.'),
(4, 395, '2023-10-08', 'Fin de contrat', 'Tendre obtenir.'),
(5, 160, '2023-01-18', 'Licenciement', 'Bleu malade.'),
(6, 167, '2024-03-19', 'Fin de contrat', 'Valoir et.'),
(7, 577, '2022-02-12', 'Licenciement', 'Rejoindre.'),
(8, 463, '2024-06-02', 'Démission', 'Matière.'),
(9, 202, '2024-01-29', 'Licenciement', 'White always.'),
(10, 289, '2021-08-11', 'Retraite', 'Confondre.'),
(11, 12, '2024-09-16', 'Retraite', 'Music.'),
(12, 248, '2025-05-20', 'Démission', 'Île malade.'),
(13, 380, '2021-10-15', 'Retraite', 'Trembler ah.'),
(14, 339, '2020-10-14', 'Fin de contrat', 'Plan.'),
(15, 193, '2023-11-11', 'Retraite', 'Noire.'),
(16, 414, '2021-01-17', 'Démission', 'Dire obtenir.'),
(17, 256, '2024-03-27', 'Licenciement', 'Even.'),
(18, 268, '2022-08-11', 'Licenciement', 'Veiller.'),
(19, 399, '2025-05-16', 'Fin de contrat', 'Support.'),
(20, 98, '2022-10-17', 'Licenciement', 'Air possible.'),
(21, 573, '2025-01-21', 'Démission', 'But idea.'),
(22, 65, '2023-08-22', 'Licenciement', 'Trial.'),
(23, 285, '2021-03-04', 'Licenciement', 'Deviner muet.'),
(24, 198, '2022-01-06', 'Licenciement', 'Recognize enjoy.'),
(25, 399, '2022-02-24', 'Retraite', 'Poids siècle.'),
(26, 6, '2024-01-22', 'Licenciement', 'Toit vivant.'),
(27, 444, '2023-06-10', 'Démission', 'Monde.'),
(28, 373, '2023-01-20', 'Licenciement', 'Loin mériter.'),
(29, 502, '2021-03-25', 'Fin de contrat', 'Yourself home.'),
(30, 310, '2023-03-12', 'Démission', 'Art.'),
(31, 89, '2022-11-07', 'Démission', 'Game tough.'),
(32, 525, '2020-09-25', 'Fin de contrat', 'Notre rapporter.'),
(33, 413, '2025-04-02', 'Démission', 'Noir.'),
(34, 290, '2024-03-30', 'Fin de contrat', 'Arm.'),
(35, 5, '2020-09-12', 'Démission', 'Plant prevent.'),
(36, 590, '2023-08-20', 'Licenciement', 'Vaste rapporter.'),
(37, 277, '2024-11-01', 'Fin de contrat', 'Blanc genre.'),
(38, 79, '2024-08-22', 'Démission', 'Interrompre.'),
(39, 107, '2024-07-18', 'Licenciement', 'Listen financial.'),
(40, 509, '2022-07-22', 'Démission', 'Permettre.'),
(41, 407, '2021-04-07', 'Licenciement', 'Céder ajouter.'),
(42, 44, '2022-07-31', 'Licenciement', 'Visite.'),
(43, 335, '2024-04-20', 'Licenciement', 'Bord.'),
(44, 464, '2023-10-06', 'Licenciement', 'Cover oil.'),
(45, 415, '2022-01-09', 'Fin de contrat', 'Trembler garçon.'),
(46, 93, '2025-04-10', 'Fin de contrat', 'Classe calme.'),
(47, 53, '2024-12-26', 'Licenciement', 'Own within.'),
(48, 437, '2023-04-30', 'Licenciement', 'Veille.'),
(49, 555, '2024-01-25', 'Retraite', 'Par regard.'),
(50, 349, '2024-07-24', 'Démission', 'Describe.');

-- data rotations
INSERT INTO dependants (id, employe_id, prenom, nom, lien, date_naissance) VALUES
(1, 126, 'Sébastien', 'Graham', 'Conjoint', '2022-08-14'),
(2, 250, 'Élisabeth', 'Benard', 'Conjoint', '1981-08-05'),
(3, 468, 'Judy', 'Clements', 'Parent', '1978-01-12'),
(4, 246, 'Laetitia', 'Caron', 'Enfant', '1961-11-30'),
(5, 515, 'Matthew', 'Clark', 'Conjoint', '2017-03-19'),
(6, 439, 'Victor', 'Benard', 'Enfant', '2006-01-28'),
(7, 40, 'Donald', 'Grégoire', 'Conjoint', '1976-02-07'),
(8, 484, 'Brittney', 'Mann', 'Enfant', '1968-08-13'),
(9, 109, 'Victoire', 'Gould', 'Conjoint', '1983-06-05'),
(10, 199, 'Stéphane', 'Lee', 'Enfant', '1951-07-09'),
(11, 7, 'Aurélie', 'Lefebvre', 'Enfant', '1946-08-09'),
(12, 344, 'Margaux', 'Williams', 'Conjoint', '1951-07-01'),
(13, 276, 'Françoise', 'Becker', 'Conjoint', '1988-09-04'),
(14, 545, 'Nathalie', 'Nelson', 'Parent', '1956-08-12'),
(15, 402, 'Matthew', 'Jones', 'Conjoint', '1958-02-13'),
(16, 596, 'Norman', 'Fisher', 'Parent', '1989-03-13'),
(17, 162, 'Adèle', 'Garza', 'Parent', '1947-01-27'),
(18, 384, 'Marine', 'Mitchell', 'Enfant', '2013-03-17'),
(19, 514, 'Célina', 'Berger', 'Conjoint', '1945-11-25'),
(20, 500, 'Lucy', 'Weber', 'Conjoint', '1969-07-14'),
(21, 261, 'David', 'Pineau', 'Parent', '1990-08-15'),
(22, 289, 'Roger', 'Fournier', 'Parent', '2009-06-06'),
(23, 433, 'Hannah', 'Sanchez', 'Parent', '2006-01-12'),
(24, 544, 'Adrian', 'Lemoine', 'Enfant', '2020-05-10'),
(25, 193, 'Anthony', 'Lagarde', 'Parent', '2021-11-12'),
(26, 5, 'Alain', 'Cain', 'Parent', '1955-02-10'),
(27, 198, 'Elizabeth', 'Bonnet', 'Enfant', '1950-09-27'),
(28, 268, 'Éric', 'Lecoq', 'Conjoint', '1979-11-08'),
(29, 429, 'Walter', 'Diaz', 'Conjoint', '1980-10-17'),
(30, 39, 'Johnny', 'Masse', 'Enfant', '2025-07-06'),
(31, 340, 'Augustin', 'Lamy', 'Parent', '1982-08-24'),
(32, 237, 'Agathe', 'Marin', 'Enfant', '2003-12-27'),
(33, 142, 'Théodore', 'Marty', 'Conjoint', '1999-03-31'),
(34, 25, 'Susan', 'Gould', 'Conjoint', '1994-09-20'),
(35, 511, 'Thierry', 'Rodriguez', 'Parent', '1986-10-01'),
(36, 515, 'Stéphanie', 'Taylor', 'Parent', '2005-11-12'),
(37, 270, 'Cheyenne', 'Harper', 'Enfant', '2002-06-27'),
(38, 589, 'Denis', 'Pages', 'Enfant', '1966-03-16'),
(39, 498, 'Hélène', 'Roche', 'Enfant', '1999-09-04'),
(40, 67, 'Thibault', 'Bass', 'Conjoint', '1985-05-22'),
(41, 166, 'Danielle', 'Laurent', 'Parent', '1980-10-20'),
(42, 310, 'Gabrielle', 'Boulay', 'Conjoint', '1958-02-07'),
(43, 376, 'Jeffrey', 'Pittman', 'Enfant', '1956-01-12'),
(44, 403, 'John', 'Odom', 'Parent', '1994-02-18'),
(45, 345, 'Emily', 'Petitjean', 'Conjoint', '2015-09-27'),
(46, 550, 'Christine', 'Rodriguez', 'Enfant', '1949-10-03'),
(47, 510, 'Marc', 'Couturier', 'Parent', '1999-04-04'),
(48, 294, 'Michelle', 'Reed', 'Enfant', '2010-11-06'),
(49, 527, 'Sébastien', 'Smith', 'Enfant', '2008-11-01'),
(50, 488, 'Heather', 'Lagarde', 'Parent', '1989-03-08'),
(51, 167, 'Gérard', 'Bruneau', 'Enfant', '2003-07-27'),
(52, 455, 'Théophile', 'Delmas', 'Conjoint', '2001-07-17'),
(53, 157, 'Capucine', 'Marty', 'Conjoint', '1968-09-22'),
(54, 263, 'Carol', 'Hart', 'Parent', '1946-09-13'),
(55, 70, 'Lucas', 'Mahe', 'Enfant', '1997-05-13'),
(56, 438, 'Casey', 'Miller', 'Enfant', '1970-04-24'),
(57, 317, 'Brittany', 'Morgan', 'Conjoint', '1997-09-14'),
(58, 48, 'Matthew', 'Johnson', 'Parent', '2013-11-16'),
(59, 557, 'Denis', 'Marie', 'Enfant', '1957-12-18'),
(60, 397, 'Vincent', 'Rolland', 'Enfant', '1992-07-14'),
(61, 40, 'Josette', 'Chartier', 'Parent', '2017-11-08'),
(62, 4, 'Christina', 'Knight', 'Conjoint', '2003-05-26'),
(63, 179, 'Suzanne', 'Casey', 'Enfant', '1984-01-07'),
(64, 212, 'Hélène', 'Hill', 'Parent', '2006-05-12'),
(65, 71, 'James', 'Daniels', 'Conjoint', '1978-03-19'),
(66, 140, 'Cynthia', 'Dupuy', 'Conjoint', '2007-04-03'),
(67, 526, 'Claudine', 'Anderson', 'Parent', '2013-02-14'),
(68, 381, 'Gordon', 'Owens', 'Conjoint', '2017-07-13'),
(69, 186, 'Timothy', 'Wagner', 'Conjoint', '2012-12-18'),
(70, 583, 'Whitney', 'Baudry', 'Enfant', '1984-05-06'),
(71, 41, 'Claudine', 'Patel', 'Parent', '1953-03-09'),
(72, 351, 'David', 'White', 'Parent', '2016-04-09'),
(73, 9, 'Kimberly', 'Wheeler', 'Conjoint', '2001-11-27'),
(74, 336, 'Rachel', 'Huet', 'Enfant', '1993-01-31'),
(75, 483, 'Manon', 'Roux', 'Enfant', '1986-01-11'),
(76, 143, 'Xavier', 'Godard', 'Conjoint', '1955-07-20'),
(77, 439, 'Kathleen', 'Weeks', 'Conjoint', '2021-12-08'),
(78, 8, 'Michelle', 'Raynaud', 'Conjoint', '1998-06-09'),
(79, 473, 'Felicia', 'Crawford', 'Enfant', '1985-03-11'),
(80, 488, 'Alexis', 'Robin', 'Enfant', '1945-12-09'),
(81, 256, 'Leslie', 'Carter', 'Parent', '2015-01-17'),
(82, 237, 'Thibault', 'Silva', 'Conjoint', '1959-12-31'),
(83, 62, 'Agnès', 'Benard', 'Conjoint', '1946-05-26'),
(84, 538, 'Philippe', 'Davis', 'Enfant', '1962-03-08'),
(85, 276, 'Hélène', 'Charles', 'Parent', '1981-09-21'),
(86, 567, 'Kayla', 'Lemaire', 'Conjoint', '2012-08-08'),
(87, 447, 'Marthe', 'Guichard', 'Enfant', '1998-02-16'),
(88, 516, 'Margaux', 'Reynolds', 'Conjoint', '1954-02-03'),
(89, 495, 'Sharon', 'Valette', 'Conjoint', '1988-07-27'),
(90, 224, 'Brittany', 'Collet', 'Parent', '2010-11-15'),
(91, 185, 'Laurent', 'Jacob', 'Conjoint', '1995-04-07'),
(92, 535, 'Danny', 'Bailly', 'Parent', '1950-05-15'),
(93, 46, 'Guillaume', 'Williams', 'Enfant', '1964-06-15'),
(94, 64, 'Maurice', 'Hall', 'Parent', '1996-06-11'),
(95, 17, 'Jonathan', 'Lemaître', 'Parent', '1952-12-18'),
(96, 565, 'Nicolas', 'Palmer', 'Parent', '2020-09-12'),
(97, 372, 'Eugène', 'Johnson', 'Conjoint', '1991-10-11'),
(98, 251, 'Michelle', 'Johnson', 'Enfant', '1999-03-10'),
(99, 227, 'Isabelle', 'Lara', 'Conjoint', '2016-10-21'),
(100, 389, 'Jeanne', 'Powell', 'Parent', '1983-06-12'),
(101, 44, 'Kari', 'Vance', 'Conjoint', '2010-06-13'),
(102, 400, 'Léon', 'Lamy', 'Conjoint', '2010-01-06'),
(103, 81, 'Michel', 'Smith', 'Parent', '2023-03-08'),
(104, 352, 'Georges', 'Leconte', 'Parent', '1985-04-12'),
(105, 600, 'André', 'Chauvin', 'Conjoint', '1968-06-06'),
(106, 175, 'Brandi', 'Becker', 'Parent', '2020-09-14'),
(107, 293, 'Randy', 'Schmitt', 'Parent', '1950-06-28'),
(108, 7, 'Jeanne', 'Dos Santos', 'Conjoint', '2019-04-10'),
(109, 457, 'Martin', 'Wilson', 'Parent', '1950-05-17'),
(110, 247, 'Sonya', 'Bridges', 'Conjoint', '2002-04-02'),
(111, 30, 'Samuel', 'Jones', 'Conjoint', '2022-10-07'),
(112, 64, 'John', 'Sauvage', 'Parent', '1987-08-23'),
(113, 473, 'Astrid', 'Boulanger', 'Enfant', '2017-05-25'),
(114, 197, 'Crystal', 'Preston', 'Enfant', '1965-05-28'),
(115, 313, 'Thierry', 'Duhamel', 'Conjoint', '1991-01-08'),
(116, 47, 'Sandra', 'Hernandez', 'Parent', '2018-12-21'),
(117, 163, 'Tanya', 'Pichon', 'Enfant', '1961-05-15'),
(118, 56, 'Madeleine', 'Masse', 'Parent', '1999-02-14'),
(119, 215, 'David', 'Schmitt', 'Conjoint', '1954-06-04'),
(120, 272, 'Connie', 'Summers', 'Parent', '1951-04-11'),
(121, 382, 'Anouk', 'Gibson', 'Enfant', '1958-01-20'),
(122, 570, 'Antoinette', 'Charles', 'Enfant', '1965-01-05'),
(123, 464, 'Théodore', 'Rousset', 'Parent', '2013-11-09'),
(124, 50, 'Jennifer', 'Martinez', 'Parent', '1997-09-05'),
(125, 26, 'Douglas', 'Moore', 'Enfant', '2003-12-28'),
(126, 100, 'Frank', 'Young', 'Parent', '1970-11-25'),
(127, 582, 'Justin', 'Williams', 'Enfant', '1948-04-25'),
(128, 321, 'Sherri', 'Griffin', 'Conjoint', '2001-09-24'),
(129, 550, 'Karen', 'Morrison', 'Enfant', '1967-01-14'),
(130, 210, 'Jerry', 'Garcia', 'Parent', '1961-01-16'),
(131, 452, 'Ryan', 'Forbes', 'Conjoint', '1969-02-09'),
(132, 214, 'Brenda', 'Huff', 'Conjoint', '1979-02-01'),
(133, 338, 'Vincent', 'Leon', 'Conjoint', '1984-11-05'),
(134, 62, 'Louise', 'Wilson', 'Conjoint', '1961-09-13'),
(135, 478, 'Jules', 'Jones', 'Parent', '1984-10-29'),
(136, 168, 'Anna', 'Moulin', 'Enfant', '1982-10-11'),
(137, 563, 'Arnaude', 'Bradley', 'Parent', '1977-07-29'),
(138, 138, 'Charles', 'Prévost', 'Conjoint', '2021-01-15'),
(139, 10, 'Dominique', 'Boutin', 'Enfant', '1994-08-30'),
(140, 433, 'Karen', 'Chartier', 'Enfant', '1996-09-08'),
(141, 277, 'Austin', 'Garcia', 'Enfant', '1975-10-03'),
(142, 55, 'David', 'Martinez', 'Parent', '1950-10-11'),
(143, 34, 'Seth', 'Blanc', 'Enfant', '2007-02-03'),
(144, 600, 'Audrey', 'Leblanc', 'Parent', '1950-02-01'),
(145, 568, 'Henriette', 'Wright', 'Parent', '2005-11-02'),
(146, 212, 'Tristan', 'Duval', 'Conjoint', '1995-08-02'),
(147, 61, 'Franck', 'Colas', 'Conjoint', '2023-01-21'),
(148, 336, 'Deanna', 'Morel', 'Parent', '1958-12-23'),
(149, 355, 'Tyler', 'Hardy', 'Enfant', '1992-02-12'),
(150, 481, 'Philippe', 'Bernard', 'Enfant', '1953-02-23');

-- data clients
INSERT INTO clients (id, nom_entreprise, contact, email, telephone, date_creation) VALUES
(1, 'Vasseur', 'Jaclyn Morris', 'collinleon@arnaud.com', '02 23 71 56 53', '2024-06-21'),
(2, 'Garnier', 'Emmanuelle Teixeira', 'dialloluce@fernandez.com', '+33 8 02 89 47 85', '2024-05-15'),
(3, 'Mclaughlin Inc', 'John Fleming', 'noemi25@carre.fr', '+33 3 67 67 76 60', '2024-04-20'),
(4, 'Mcdonald-Marquez', 'Kelly Meyer', 'micheleugene@masson.fr', '9405669882', '2022-04-13'),
(5, 'Bertrand Boulanger S.A.R.L.', 'Curtis Thomas', 'martinmichael@martinez.com', '0466911244', '2020-08-13'),
(6, 'Simon', 'Anastasie Courtois-Gillet', 'rsmith@bates-wilson.biz', '+33 (0)6 35 78 55 19', '2022-06-24'),
(7, 'Ward, Smith and Ray', 'Anouk Besson', 'sebastienlegros@camus.net', '04 23 94 71 12', '2023-12-09'),
(8, 'Bell Inc', 'Michael Fitzpatrick', 'thibault62@petit.com', '463.943.7947', '2022-03-29'),
(9, 'Clerc Bazin SARL', 'Étienne Blanchet', 'corinne01@vincent.net', '(716)702-4847x70457', '2022-11-19'),
(10, 'Jackson, Jenkins and Cisneros', 'Tiffany Jones', 'costeaudrey@weiss.com', '+1-407-287-9477x28061', '2021-07-25'),
(11, 'Denis SARL', 'Mark Tapia', 'vanessa03@pennington.net', '240-819-4916', '2022-06-08'),
(12, 'Chevallier S.A.S.', 'Maurice Ferreira de la Bailly', 'francois77@vaillant.org', '9389128739', '2020-10-18'),
(13, 'Erickson-Kennedy', 'Kelly Black', 'larry24@smith.com', '+33 1 70 18 01 83', '2023-02-07'),
(14, 'Griffin-Berry', 'Jerry Watson', 'macelaurence@poirier.fr', '+33 4 57 78 46 46', '2022-10-26'),
(15, 'Reilly-Joyce', 'Michael Meza', 'delattreaurore@leblanc.com', '05 86 62 57 71', '2022-10-27'),
(16, 'Grondin', 'Yves Mathieu de Weber', 'sgillet@munoz.net', '001-954-992-1490x555', '2020-10-04'),
(17, 'Poirier Bertin S.A.S.', 'Beth Cruz', 'mjoseph@mccall.com', '(692)979-8140', '2025-06-21'),
(18, 'Godard', 'Kathryn Ross', 'agathelopez@pineau.com', '(534)493-1972', '2022-09-13'),
(19, 'Leroy Charpentier et Fils', 'Danielle Ramirez', 'oboyd@price-montgomery.biz', '(499)919-8824x4014', '2025-02-10'),
(20, 'Bryant-Obrien', 'Tracy Coleman', 'bonnetgregoire@guyot.com', '524-725-2328x63648', '2025-07-02'),
(21, 'Shields-Lopez', 'Luce Barthelemy', 'marymoyer@shannon-reed.info', '231-747-0846x6622', '2022-09-21'),
(22, 'Laporte Gros S.A.R.L.', 'Alain-Emmanuel Hamon', 'felicia89@conner.com', '+33 (0)1 76 97 53 71', '2024-07-22'),
(23, 'Leleu', 'Pamela Esparza', 'zbrunel@bertin.net', '+33 2 57 96 52 98', '2022-03-31'),
(24, 'Guilbert', 'Annette Yu', 'pmitchell@bryant.com', '(566)433-2369x62215', '2024-03-29'),
(25, 'Weaver LLC', 'Thomas Thompson', 'fredericgillet@de.net', '+33 (0)4 11 13 72 65', '2023-01-20'),
(26, 'Blondel', 'Lindsay Davidson', 'alexa63@shah.org', '695-833-3722x424', '2023-09-01'),
(27, 'Everett Ltd', 'Marguerite Roux', 'danielramsey@butler.com', '220-519-6447x8127', '2021-08-02'),
(28, 'Mendès', 'Guy Poulain', 'delattremanon@briand.com', '+33 4 79 18 71 07', '2022-05-11'),
(29, 'Edwards, Gardner and Taylor', 'Michael Jordan', 'foxgeorge@holmes.org', '+33 (0)3 54 97 28 53', '2021-12-30'),
(30, 'Blackwell LLC', 'Brian Fitzpatrick', 'lucie19@boucher.com', '(687)876-2141', '2023-01-23'),
(31, 'Lambert', 'Yves Meunier', 'qbarre@perrin.fr', '+33 3 88 00 03 96', '2024-11-15'),
(32, 'Robert Carlier S.A.R.L.', 'Jeffrey Evans', 'diallomonique@leveque.org', '+1-403-771-7192x2783', '2024-11-16'),
(33, 'Huerta, Robinson and Fisher', 'Chantal Launay', 'robertgeorges@techer.com', '+33 (0)4 91 50 19 60', '2023-01-28'),
(34, 'Vincent', 'Cécile Denis', 'bbreton@aubert.net', '433-460-2439x313', '2022-01-17'),
(35, 'Torres Gimenez S.A.R.L.', 'Kimberly Young', 'elizabeth29@carr.com', '0233863294', '2021-02-18'),
(36, 'Dickson Inc', 'Suzanne Clerc', 'sue49@tyler-young.net', '425.956.9195x465', '2024-07-21'),
(37, 'Berthelot', 'Auguste Gérard-Dumas', 'rocherpauline@pasquier.net', '+33 4 97 96 90 18', '2024-07-11'),
(38, 'Langlois SA', 'John Smith', 'scott82@castillo.biz', '+33 (0)5 90 46 91 36', '2025-04-24'),
(39, 'Lagarde Becker S.A.S.', 'Hortense-Danielle Maillot', 'jose50@smith.com', '936.565.4475', '2021-07-19'),
(40, 'Thomas-Brown', 'Louise Berger', 'marchandmarie@pelletier.net', '8237509693', '2020-11-29'),
(41, 'Atkinson, Lynch and Jensen', 'Margot Bernier de Ferrand', 'masselouise@guerin.fr', '001-502-418-7046', '2024-03-03'),
(42, 'Le Roux', 'Madeleine Caron de la Benoit', 'ddavid@guillou.com', '0804780621', '2022-01-30'),
(43, 'Camus', 'Jesus Hall', 'aguilarrobert@mason-lopez.org', '448-545-2828', '2022-04-13'),
(44, 'Weiss-Jordan', 'Nicole Lambert', 'ogillet@pichon.net', '+33 (0)4 49 08 75 69', '2025-06-06'),
(45, 'Barbe', 'Mary Powell', 'fernandessylvie@joseph.org', '001-586-603-5589x928', '2023-06-02'),
(46, 'Murray Inc', 'Kevin Wright', 'odette17@guillou.net', '+33 (0)1 55 08 39 35', '2024-01-25'),
(47, 'Wagner, Gonzalez and Morgan', 'Mary Smith', 'benjaminlopez@jimenez.biz', '611-321-5286', '2022-07-09'),
(48, 'Morgan LLC', 'Eugène Marques', 'crodriguez@perkins.com', '001-570-446-9176x18301', '2025-05-03'),
(49, 'Mendoza, Bauer and Mullins', 'Joan Sandoval', 'gabrielsmith@king.com', '+1-610-519-2805x5898', '2021-10-10'),
(50, 'Schneider', 'Clémence Pichon', 'bergerroger@grondin.org', '+33 2 28 13 60 32', '2022-11-12'),
(51, 'Ray LLC', 'Joseph Poulain', 'mbennett@steele-marshall.org', '001-565-330-1142', '2024-11-10'),
(52, 'Gomez, Goodman and Love', 'Bernadette Normand', 'froberts@torres.org', '0261682518', '2022-07-08'),
(53, 'Thomas Ltd', 'Paula Cooley', 'dmckay@coleman.com', '346.364.2783x7797', '2022-12-29'),
(54, 'Daugherty, Miller and Campos', 'Steven Nguyen', 'adele81@bourdon.com', '03 44 92 93 92', '2023-03-03'),
(55, 'Martinez Inc', 'Jon Fox', 'qblot@rey.net', '+33 (0)3 67 20 67 77', '2025-03-21'),
(56, 'Thierry', 'Auguste Maillet', 'carlieryves@delahaye.fr', '+33 (0)4 79 98 77 58', '2024-03-02'),
(57, 'Gros', 'Carol Hays', 'augustin04@munoz.fr', '0364067691', '2021-03-15'),
(58, 'Campbell-Williams', 'Laure Lopez', 'george09@smith.com', '(899)811-7024x9408', '2023-01-31'),
(59, 'Gould Ltd', 'Patrick Perrot', 'david02@legrand.com', '001-396-438-1740x61154', '2023-10-23'),
(60, 'Maréchal', 'Natalie Kelly', 'hthomas@gregory-owens.info', '0179387033', '2021-04-29'),
(61, 'Jackson, Rojas and Cole', 'Marc de Bruneau', 'thierry51@guyon.fr', '001-436-449-0846x73708', '2021-02-02'),
(62, 'Langlois', 'Robert Martinez', 'tfournier@lambert.net', '03 68 43 86 42', '2024-10-17'),
(63, 'Forbes Group', 'Christina Ramirez', 'barrymartin@larson.info', '840.685.1116x42218', '2022-01-09'),
(64, 'Barbe Fouquet S.A.S.', 'Donald Brown', 'averycory@harrington.biz', '651.434.0096', '2025-05-23'),
(65, 'Gordon-Griffith', 'Joel Collins', 'gonzalesbarry@salazar-estrada.com', '837-924-5091', '2020-10-03'),
(66, 'Brunet', 'Bernard Carlier', 'melissataylor@green.com', '+33 (0)2 76 92 87 84', '2023-07-02'),
(67, 'Sanders Inc', 'Chantal Mendès de Guillon', 'charles67@coleman.net', '+33 3 10 70 55 53', '2024-08-01'),
(68, 'Hernandez-Holmes', 'Antonio Bridges', 'darrylwalker@wilkinson.com', '001-611-741-0733x23541', '2022-01-01'),
(69, 'Ferreira', 'Jeannine-Agnès Chevalier', 'sylvie79@pruvost.com', '001-670-426-0491x677', '2025-07-17'),
(70, 'Gautier SA', 'Elizabeth Kirby', 'charpentiercorinne@duhamel.fr', '+1-361-409-8429x75205', '2023-02-23'),
(71, 'Bourgeois', 'Émilie Rousseau', 'hudsonbenjamin@hale.com', '+33 6 98 78 26 37', '2022-06-13'),
(72, 'Dias Munoz SA', 'Guy Barthelemy', 'eric39@jean.com', '0355804184', '2020-08-19'),
(73, 'Bruneau et Fils', 'Whitney Phelps', 'mleroux@navarro.com', '748.750.2851', '2025-07-07'),
(74, 'Stein, Arnold and Lewis', 'Amy Wilkerson', 'williamnicolas@faure.fr', '0442235605', '2022-09-19'),
(75, 'Millet', 'Émile Bertin', 'gerardpruvost@riou.com', '04 23 42 08 98', '2022-12-10'),
(76, 'Johnson-Banks', 'Diane Barre de Chevallier', 'jacquelineguillet@bazin.org', '(368)549-5770', '2024-12-08'),
(77, 'Grégoire Martins S.A.', 'André de Leleu', 'gomesgabrielle@clerc.fr', '3766326251', '2022-07-06'),
(78, 'Verdier', 'Trevor Stein', 'wstephens@anderson-newton.info', '863-822-6353', '2025-06-20'),
(79, 'Braun-Huff', 'Alex du Marie', 'cboyer@collet.net', '0180925329', '2021-04-30'),
(80, 'Merritt-Miles', 'Émilie Perrot', 'brett08@knox-anderson.org', '654.229.4903', '2022-01-11'),
(81, 'Campbell-Davis', 'Mary Moreno', 'toni22@davis.com', '+33 2 99 71 04 47', '2021-08-25'),
(82, 'Taylor, Dennis and Stone', 'Jennifer Cardenas MD', 'tracy19@palmer.net', '+33 (0)3 28 38 65 09', '2023-12-28'),
(83, 'Soto, Noble and Brennan', 'Kristen Davis', 'riviereeric@techer.com', '001-747-383-3666', '2023-11-18'),
(84, 'Le Roux et Fils', 'Adrien Bourgeois', 'philippepaul@perret.com', '669.532.1858x578', '2024-05-22'),
(85, 'Vallet', 'Nicole Hunt', 'emilemarty@gaillard.fr', '01 74 85 76 57', '2022-12-27'),
(86, 'Myers-Hoover', 'Constance Barre', 'erica81@chapman-blair.com', '04 89 35 78 75', '2025-01-25'),
(87, 'Devaux Delattre S.A.', 'Ashley Miller', 'jdaniel@martinez.com', '+33 (0)5 59 22 05 43', '2020-10-24'),
(88, 'Ferrand', 'Jeremiah Lucas', 'marteladrien@lefort.com', '02 78 40 92 67', '2021-12-23'),
(89, 'Muller', 'Alexandria Morel', 'prevostines@bruneau.fr', '624.916.6502x49402', '2021-06-30'),
(90, 'Delahaye Allard et Fils', 'Guillaume Pasquier-Renault', 'likristen@proctor.com', '0134035984', '2025-02-18');

-- data service_rh
INSERT INTO services_rh (id, client_id, type_service, date_prestation, cout) VALUES
(1, 17, 'Formation', '2023-03-31', 3506.93),
(2, 79, 'Conseil', '2023-09-13', 9299.25),
(3, 23, 'Recrutement', '2024-10-22', 18167.85),
(4, 47, 'Audit RH', '2024-01-14', 12867.19),
(5, 76, 'Gestion paie', '2024-09-21', 4685.03),
(6, 3, 'Conseil', '2023-12-22', 4535.14),
(7, 24, 'Recrutement', '2023-03-30', 5898.49),
(8, 85, 'Formation', '2023-04-13', 15815.7),
(9, 63, 'Audit RH', '2022-11-30', 18180.14),
(10, 14, 'Formation', '2025-05-10', 16650.59),
(11, 61, 'Gestion paie', '2025-01-27', 16249.57),
(12, 30, 'Gestion paie', '2023-10-22', 4454.36),
(13, 78, 'Conseil', '2023-08-16', 3489.9),
(14, 37, 'Audit RH', '2025-05-27', 16205.48),
(15, 35, 'Recrutement', '2025-04-07', 15656.69),
(16, 22, 'Conseil', '2025-03-06', 14637.58),
(17, 49, 'Formation', '2024-12-15', 12850.91),
(18, 2, 'Formation', '2025-02-20', 19055.26),
(19, 12, 'Formation', '2022-08-06', 19392.33),
(20, 56, 'Conseil', '2024-11-23', 13771.96),
(21, 66, 'Audit RH', '2025-04-01', 10255.37),
(22, 41, 'Recrutement', '2022-11-17', 6276.37),
(23, 70, 'Recrutement', '2025-03-16', 8044.58),
(24, 31, 'Recrutement', '2023-10-15', 13035.05),
(25, 17, 'Audit RH', '2023-12-28', 2678.86),
(26, 65, 'Formation', '2023-08-19', 2778.07),
(27, 8, 'Audit RH', '2024-10-21', 2706.02),
(28, 78, 'Formation', '2025-07-06', 19077.99),
(29, 77, 'Audit RH', '2023-01-16', 15147.75),
(30, 50, 'Conseil', '2024-05-02', 13909.2),
(31, 86, 'Audit RH', '2024-09-19', 6656.13),
(32, 84, 'Conseil', '2022-12-02', 19473.61),
(33, 66, 'Gestion paie', '2024-03-22', 13387.52),
(34, 44, 'Gestion paie', '2024-07-28', 7864.0),
(35, 88, 'Recrutement', '2023-08-24', 10707.76),
(36, 6, 'Formation', '2023-09-09', 7804.02),
(37, 7, 'Recrutement', '2024-08-31', 16800.36),
(38, 45, 'Audit RH', '2022-12-19', 17099.9),
(39, 52, 'Audit RH', '2022-09-12', 15173.35),
(40, 27, 'Conseil', '2024-05-21', 11148.17),
(41, 35, 'Recrutement', '2025-05-29', 12733.18),
(42, 27, 'Conseil', '2023-02-02', 15939.65),
(43, 21, 'Conseil', '2022-09-16', 6092.11),
(44, 2, 'Conseil', '2024-03-26', 7358.4),
(45, 15, 'Audit RH', '2023-01-02', 1170.29),
(46, 53, 'Gestion paie', '2025-01-31', 5251.09),
(47, 42, 'Audit RH', '2023-01-22', 13100.42),
(48, 71, 'Recrutement', '2024-07-14', 8571.66),
(49, 9, 'Audit RH', '2023-02-22', 19816.37),
(50, 68, 'Recrutement', '2025-03-12', 5837.08),
(51, 11, 'Formation', '2024-12-27', 18226.91),
(52, 7, 'Formation', '2024-05-20', 8886.5),
(53, 7, 'Audit RH', '2024-07-27', 14964.65),
(54, 39, 'Gestion paie', '2024-08-29', 2214.8),
(55, 69, 'Formation', '2024-10-01', 9936.67),
(56, 43, 'Audit RH', '2022-10-19', 6463.99),
(57, 88, 'Recrutement', '2023-03-02', 18032.17),
(58, 13, 'Conseil', '2025-05-04', 6697.99),
(59, 41, 'Recrutement', '2023-04-04', 18639.92),
(60, 68, 'Gestion paie', '2025-07-11', 5887.1),
(61, 36, 'Gestion paie', '2023-06-11', 18584.25),
(62, 62, 'Formation', '2025-01-13', 13271.96),
(63, 15, 'Formation', '2024-02-26', 2097.44),
(64, 7, 'Gestion paie', '2024-11-07', 16817.64),
(65, 20, 'Conseil', '2023-08-31', 15968.05),
(66, 89, 'Audit RH', '2024-02-17', 16982.54),
(67, 79, 'Audit RH', '2024-11-28', 3275.73),
(68, 51, 'Formation', '2023-03-23', 1572.53),
(69, 44, 'Audit RH', '2024-05-25', 6951.17),
(70, 65, 'Recrutement', '2024-07-09', 13773.5),
(71, 59, 'Audit RH', '2022-12-04', 19038.52),
(72, 78, 'Gestion paie', '2023-12-18', 7552.32),
(73, 24, 'Audit RH', '2023-08-05', 10234.34),
(74, 52, 'Formation', '2022-08-03', 8402.83),
(75, 61, 'Recrutement', '2022-12-07', 3794.77),
(76, 58, 'Audit RH', '2024-07-08', 18361.53),
(77, 2, 'Audit RH', '2025-05-05', 3762.75),
(78, 47, 'Audit RH', '2025-02-21', 14047.68),
(79, 38, 'Audit RH', '2024-07-18', 11853.21),
(80, 44, 'Recrutement', '2022-08-11', 14793.33),
(81, 59, 'Audit RH', '2023-11-07', 18452.75),
(82, 28, 'Gestion paie', '2022-10-14', 2303.89),
(83, 84, 'Formation', '2024-08-17', 15851.92),
(84, 47, 'Conseil', '2022-07-29', 1703.41),
(85, 78, 'Audit RH', '2023-12-31', 6873.44),
(86, 78, 'Audit RH', '2024-05-14', 5357.4),
(87, 14, 'Audit RH', '2025-01-15', 1600.34),
(88, 13, 'Recrutement', '2024-11-01', 6816.25),
(89, 77, 'Gestion paie', '2024-10-01', 6529.14),
(90, 75, 'Conseil', '2024-11-14', 16551.32),
(91, 27, 'Conseil', '2022-10-01', 1217.27),
(92, 36, 'Formation', '2025-02-09', 8174.17),
(93, 47, 'Gestion paie', '2023-06-14', 17952.2),
(94, 12, 'Conseil', '2023-10-01', 14584.14),
(95, 55, 'Audit RH', '2023-07-29', 10977.85),
(96, 40, 'Recrutement', '2022-10-26', 4055.23),
(97, 50, 'Formation', '2025-06-27', 11189.04),
(98, 11, 'Formation', '2022-07-29', 5868.19),
(99, 14, 'Gestion paie', '2023-05-04', 8620.68),
(100, 25, 'Formation', '2024-11-16', 16635.04),
(101, 81, 'Gestion paie', '2024-10-04', 1765.07),
(102, 66, 'Recrutement', '2024-11-04', 2934.98),
(103, 75, 'Gestion paie', '2023-03-29', 17728.57),
(104, 30, 'Recrutement', '2024-12-17', 19133.0),
(105, 35, 'Audit RH', '2024-01-21', 15331.78),
(106, 59, 'Conseil', '2023-04-02', 16359.91),
(107, 23, 'Conseil', '2023-09-23', 8450.13),
(108, 77, 'Recrutement', '2025-04-26', 18427.03),
(109, 38, 'Gestion paie', '2024-07-14', 18156.92),
(110, 44, 'Conseil', '2023-07-03', 11485.26),
(111, 74, 'Gestion paie', '2025-04-07', 1832.91),
(112, 52, 'Recrutement', '2024-03-25', 11235.48),
(113, 69, 'Gestion paie', '2024-03-07', 12951.15),
(114, 9, 'Formation', '2022-11-25', 11253.84),
(115, 63, 'Conseil', '2024-10-21', 13750.69),
(116, 33, 'Audit RH', '2025-02-20', 14344.84),
(117, 62, 'Recrutement', '2022-08-02', 19935.44),
(118, 17, 'Formation', '2024-05-18', 9150.01),
(119, 25, 'Gestion paie', '2024-04-14', 9067.94),
(120, 30, 'Conseil', '2022-08-16', 5667.24);

-- data reclamations
INSERT INTO reclamations_brutes (id, employe_id, sujet, date_reclamation, description) VALUES
(1, 419, 'Licenciement', '2025-01-20', 'Hors d''autres.'),
(2, 457, 'Licenciement', '2024-08-30', 'Chasse remonter.'),
(3, 19, 'Licenciement', '2024-10-06', 'Présenter dessus.'),
(4, 493, 'Contrat', '2025-02-22', 'Process writer.'),
(5, 523, 'Licenciement', '2025-01-08', 'Teacher least pay.'),
(6, 135, 'Formation', '2025-02-22', 'Bad until campaign.'),
(7, 591, 'Contrat', '2024-05-28', 'Aussitôt me beau.'),
(8, 351, 'Licenciement', '2025-07-18', 'Oeil sou peur ainsi.'),
(9, 494, 'Autre', '2024-10-03', 'Know artist.'),
(10, 61, 'Licenciement', '2024-08-09', 'So likely huge.'),
(11, 174, 'Contrat', '2024-01-18', 'Faux baisser bande.'),
(12, 330, 'Autre', '2023-12-28', 'Imaginer y frais.'),
(13, 222, 'Contrat', '2024-07-19', 'Anyone even model.'),
(14, 571, 'Paie', '2024-05-02', 'Through him owner.'),
(15, 244, 'Contrat', '2025-02-24', 'Recommencer prouver.'),
(16, 531, 'Autre', '2024-07-19', 'Été tellement ne.'),
(17, 446, 'Paie', '2023-09-08', 'Général long.'),
(18, 504, 'Contrat', '2024-12-08', 'Simplement cesser.'),
(19, 313, 'Paie', '2025-01-18', 'Propre accepter.'),
(20, 522, 'Autre', '2023-07-30', 'World look.'),
(21, 477, 'Contrat', '2023-09-22', 'Auquel construire.'),
(22, 124, 'Paie', '2024-02-20', 'Become sport.'),
(23, 59, 'Paie', '2025-05-28', 'François main aider.'),
(24, 552, 'Paie', '2023-11-14', 'Courir présenter.'),
(25, 217, 'Autre', '2024-05-31', 'Hésiter désigner.'),
(26, 209, 'Licenciement', '2024-03-03', 'Prison rire.'),
(27, 120, 'Paie', '2023-10-09', 'Meeting.'),
(28, 261, 'Autre', '2024-04-21', 'Before try green.'),
(29, 311, 'Paie', '2025-01-15', 'Suffer lawyer.'),
(30, 457, 'Autre', '2024-01-15', 'Approach guess send.'),
(31, 470, 'Licenciement', '2023-07-27', 'Entier résoudre.'),
(32, 55, 'Licenciement', '2023-11-08', 'Security enter game.'),
(33, 584, 'Licenciement', '2024-04-25', 'Wife magazine.'),
(34, 438, 'Autre', '2024-05-22', 'Management sense.'),
(35, 273, 'Autre', '2023-12-17', 'Fly money trial.'),
(36, 326, 'Contrat', '2023-07-25', 'Card religious see.'),
(37, 564, 'Paie', '2024-11-18', 'Age store wind.'),
(38, 490, 'Autre', '2025-06-08', 'Just man whatever.'),
(39, 526, 'Contrat', '2025-04-24', 'Employee prove.'),
(40, 11, 'Contrat', '2025-03-25', 'No themselves arm.'),
(41, 435, 'Formation', '2025-02-10', 'You compare certain.'),
(42, 400, 'Contrat', '2024-09-06', 'View blood set.'),
(43, 104, 'Paie', '2025-05-24', 'Boire court juge.'),
(44, 482, 'Formation', '2025-04-22', 'Meilleur.'),
(45, 348, 'Contrat', '2025-01-10', 'Environmental same.'),
(46, 155, 'Paie', '2024-11-09', 'Not end thought now.'),
(47, 524, 'Paie', '2023-09-11', 'Truth run town item.'),
(48, 306, 'Autre', '2025-06-07', 'Tout couche.'),
(49, 271, 'Paie', '2025-02-19', 'Name set religious.'),
(50, 72, 'Autre', '2024-05-05', 'Effort mensonge.'),
(51, 330, 'Autre', '2023-09-23', 'Entrée sauter vin.'),
(52, 92, 'Paie', '2024-07-09', 'Perhaps senior.'),
(53, 195, 'Autre', '2025-04-19', 'Live sense tree.'),
(54, 466, 'Paie', '2025-07-04', 'Médecin lequel.'),
(55, 189, 'Licenciement', '2024-12-09', 'Sometimes pay.'),
(56, 426, 'Licenciement', '2024-04-09', 'Courage déclarer.'),
(57, 465, 'Formation', '2024-02-29', 'Night land act.'),
(58, 195, 'Licenciement', '2023-10-18', 'City enough space.'),
(59, 450, 'Paie', '2025-04-29', 'Out cultural wonder.'),
(60, 589, 'Licenciement', '2024-09-29', 'Pauvre pauvre.'),
(61, 272, 'Licenciement', '2024-10-01', 'Beat night question.'),
(62, 253, 'Formation', '2024-12-16', 'Likely couple home.'),
(63, 269, 'Contrat', '2024-05-02', 'Again recent.'),
(64, 416, 'Formation', '2023-07-28', 'Trois sombre.'),
(65, 116, 'Formation', '2025-03-28', 'Aller partie faux.'),
(66, 157, 'Licenciement', '2025-07-16', 'Should performance.'),
(67, 53, 'Paie', '2024-11-27', 'Issue nothing under.'),
(68, 469, 'Paie', '2025-07-14', 'Dur demain quinze.'),
(69, 311, 'Paie', '2024-05-15', 'Everyone him well.'),
(70, 571, 'Autre', '2024-01-11', 'Montrer danser.');


